-- MySQL dump 10.13  Distrib 8.0.39, for Win64 (x86_64)
--
-- Host: localhost    Database: swd_v2
-- ------------------------------------------------------
-- Server version	8.0.28

/*!40101 SET @OLD_CHARACTER_SET_CLIENT=@@CHARACTER_SET_CLIENT */;
/*!40101 SET @OLD_CHARACTER_SET_RESULTS=@@CHARACTER_SET_RESULTS */;
/*!40101 SET @OLD_COLLATION_CONNECTION=@@COLLATION_CONNECTION */;
/*!50503 SET NAMES utf8mb4 */;
/*!40103 SET @OLD_TIME_ZONE=@@TIME_ZONE */;
/*!40103 SET TIME_ZONE='+00:00' */;
/*!40014 SET @OLD_UNIQUE_CHECKS=@@UNIQUE_CHECKS, UNIQUE_CHECKS=0 */;
/*!40014 SET @OLD_FOREIGN_KEY_CHECKS=@@FOREIGN_KEY_CHECKS, FOREIGN_KEY_CHECKS=0 */;
/*!40101 SET @OLD_SQL_MODE=@@SQL_MODE, SQL_MODE='NO_AUTO_VALUE_ON_ZERO' */;
/*!40111 SET @OLD_SQL_NOTES=@@SQL_NOTES, SQL_NOTES=0 */;

--
-- Table structure for table `brands`
--

DROP TABLE IF EXISTS `brands`;
/*!40101 SET @saved_cs_client     = @@character_set_client */;
/*!50503 SET character_set_client = utf8mb4 */;
CREATE TABLE `brands` (
  `id` int NOT NULL AUTO_INCREMENT,
  `name` varchar(45) NOT NULL,
  `logo` varchar(128) NOT NULL,
  PRIMARY KEY (`id`),
  UNIQUE KEY `UK_oce3937d2f4mpfqrycbr0l93m` (`name`)
) ENGINE=InnoDB AUTO_INCREMENT=21 DEFAULT CHARSET=utf8mb4 COLLATE=utf8mb4_0900_ai_ci;
/*!40101 SET character_set_client = @saved_cs_client */;

--
-- Dumping data for table `brands`
--

LOCK TABLES `brands` WRITE;
/*!40000 ALTER TABLE `brands` DISABLE KEYS */;
INSERT INTO `brands` VALUES (6,'REDROCK','brand-1.png'),(7,'PEGASUS','brand-2.png'),(8,'QUICKEN','brand-3.png'),(9,'ROCKER','brand-4.png'),(10,'MAGENTA','brand-5.png'),(11,'EXTEND','brand-6.png'),(12,'SECRET','brand-7.png'),(13,'EMATIC','brand-8.png'),(14,'VAERON','brand-9.png'),(15,'AVANCE','brand-10.png'),(16,'SABECAMP','brand-11.png'),(17,'CORE','brand-12.png');
/*!40000 ALTER TABLE `brands` ENABLE KEYS */;
UNLOCK TABLES;

--
-- Table structure for table `categories`
--

DROP TABLE IF EXISTS `categories`;
/*!40101 SET @saved_cs_client     = @@character_set_client */;
/*!50503 SET character_set_client = utf8mb4 */;
CREATE TABLE `categories` (
  `id` int NOT NULL AUTO_INCREMENT,
  `name` varchar(128) NOT NULL,
  `alias` varchar(64) NOT NULL,
  `image` varchar(128) NOT NULL,
  `enabled` bit(1) NOT NULL,
  `parent_id` int DEFAULT NULL,
  `all_parent_ids` varchar(256) DEFAULT NULL,
  PRIMARY KEY (`id`),
  UNIQUE KEY `UK_jx1ptm0r46dop8v0o7nmgfbeq` (`alias`),
  UNIQUE KEY `UK_t8o6pivur7nn124jehx7cygw5` (`name`),
  KEY `FKsaok720gsu4u2wrgbk10b5n8d` (`parent_id`),
  CONSTRAINT `FKsaok720gsu4u2wrgbk10b5n8d` FOREIGN KEY (`parent_id`) REFERENCES `categories` (`id`)
) ENGINE=InnoDB AUTO_INCREMENT=50 DEFAULT CHARSET=utf8mb4 COLLATE=utf8mb4_0900_ai_ci;
/*!40101 SET character_set_client = @saved_cs_client */;

--
-- Dumping data for table `categories`
--

LOCK TABLES `categories` WRITE;
/*!40000 ALTER TABLE `categories` DISABLE KEYS */;
INSERT INTO `categories` VALUES (1,'Men Clothes',' Women\'s Fashion','1.png',_binary '',NULL,NULL),(2,'Mobile & Gadgets','Mobile & Gadgets','2.png',_binary '',NULL,NULL),(3,'Consumer Electronics','Consumer Electronics','3.png',_binary '',NULL,NULL),(4,'Computer & Accessories','Computer & Accessories','4.png',_binary '',NULL,NULL),(5,'Cameras','Cameras','5.png',_binary '',NULL,NULL),(6,'Watches','Watches','6.png',_binary '',NULL,NULL),(7,'Men Shoes','Men Shoes','7.png',_binary '',NULL,NULL),(8,'Home Appliances','Home Appliances','8.png',_binary '',NULL,NULL),(9,'Sport & Outdoor','Sport & Outdoor','9.png',_binary '',NULL,NULL),(10,'Automotive','Automotive','10.png',_binary '',NULL,NULL),(11,'Men Bags','Men Bags','11.png',_binary '',NULL,NULL),(12,'Toys','Toys','12.png',_binary '',NULL,NULL),(13,'Pets','Pets','13.png',_binary '',NULL,NULL),(14,'Women Clothes','Women Clothes','14.png',_binary '',NULL,NULL),(15,'Moms, Kids & Babies','Moms, Kids & Babies','15.png',_binary '',NULL,NULL),(16,'Home & Living','Home & Living','16.png',_binary '',NULL,NULL),(17,'Beauty','Beauty','17.png',_binary '',NULL,NULL),(18,'Health','Health','18.png',_binary '\0',NULL,NULL),(19,'Women Shoes','Women Shoes','19.png',_binary '',NULL,NULL),(20,'Women Bags','Women Bags','20.png',_binary '',NULL,NULL),(21,'Fashion Accessories','Fashion Accessories','21.png',_binary '',NULL,NULL),(22,'Grocery','Grocery','23.png',_binary '',NULL,NULL),(23,'Books & Stationery','Books & Stationery','24.png',_binary '',NULL,NULL),(24,'Kid Fashion','Kid Fashion','25.png',_binary '',NULL,NULL),(25,'Home care','Home care','26.png',_binary '',NULL,NULL),(26,'Tickets, Vouchers & Services','Tickets, Vouchers & Services','27.png',_binary '',NULL,NULL),(27,'Jackets, Coats & Vests','Jackets, Coats & Vests','1.png',_binary '\0',1,'-1-'),(28,'Suit Jackets & Blazers','Suit Jackets & Blazers','feat-product-11.jpg',_binary '\0',1,'-1-'),(29,'Mobile Phones','Mobile Phones','Cell_white._CB468586680_.png',_binary '',2,'-2-'),(30,'Bike, E-bike','Bike, E-bike','Video_white._CB468586673_.png',_binary '\0',10,'-10-'),(31,'Motorbike','Motorbike','Trending_white._CB468586679_.png',_binary '\0',10,'-10-'),(32,'Car','Car','Sports_white._CB468586678_.png',_binary '\0',10,'-10-'),(33,'Skincare','Skincare','Parents_white._CB468586676_.png',_binary '',17,'-17-'),(34,'Domestic Books','Domestic Books','Home_white._CB468586683_.png',_binary '',23,'-23-'),(35,'Foreign Books','Foreign Books','Books_white._CB468586681_.png',_binary '\0',23,'-23-'),(36,'Gift & Wrapping','Gift & Wrapping','Electronics_white._CB468586680_.png',_binary '\0',23,'-23-'),(37,'Security Cameras & Systems','Security Cameras & Systems','sg-11134201-22100-h2p8ml50fjiv50_tn.jpg',_binary '',5,'-5-'),(38,'Memory Cards','Memory Cards','Video_white._CB468586673_ (1).png',_binary '',5,'-5-'),(39,'Lenses','Lenses','B07XKF5RM3.01.RMXXXXXX2.png',_binary '\0',5,'-5-'),(40,'Desktop Computers','Desktop Computers','Computers_white._CB468586682_.png',_binary '',4,'-4-'),(41,'Data Storage','Data Storage','Office_white._CB468586679_.png',_binary '\0',4,'-4-'),(42,'Network Components','Network Components','Kitchen_white._CB468586676_.png',_binary '',4,'-4-'),(43,'Wearable Devices','Wearable Devices','Jewelry_white._CB468586682_.png',_binary '\0',3,'-3-'),(49,'FPT Shop','wqtewtgew','extras4.jpg',_binary '\0',10,'-10-');
/*!40000 ALTER TABLE `categories` ENABLE KEYS */;
UNLOCK TABLES;

--
-- Table structure for table `countries`
--

DROP TABLE IF EXISTS `countries`;
/*!40101 SET @saved_cs_client     = @@character_set_client */;
/*!50503 SET character_set_client = utf8mb4 */;
CREATE TABLE `countries` (
  `id` int NOT NULL AUTO_INCREMENT,
  `name` varchar(45) NOT NULL,
  `code` varchar(5) NOT NULL,
  PRIMARY KEY (`id`)
) ENGINE=InnoDB AUTO_INCREMENT=255 DEFAULT CHARSET=utf8mb4 COLLATE=utf8mb4_0900_ai_ci;
/*!40101 SET character_set_client = @saved_cs_client */;

--
-- Dumping data for table `countries`
--

LOCK TABLES `countries` WRITE;
/*!40000 ALTER TABLE `countries` DISABLE KEYS */;
INSERT INTO `countries` VALUES (1,'Andorra','AD'),(2,'United Arab Emirates','AE'),(3,'Afghanistan','AF'),(4,'Antigua and Barbuda','AG'),(5,'Anguilla','AI'),(6,'Albania','AL'),(7,'Armenia','AM'),(8,'Netherlands Antilles','AN'),(9,'Angola','AO'),(10,'Antarctica','AQ'),(11,'Argentina','AR'),(12,'American Samoa','AS'),(13,'Austria','AT'),(14,'Australia','AU'),(15,'Aruba','AW'),(16,'Åland Islands','AX'),(17,'Azerbaijan','AZ'),(18,'Bosnia and Herzegovina','BA'),(19,'Barbados','BB'),(20,'Bangladesh','BD'),(21,'Belgium','BE'),(22,'Burkina Faso','BF'),(23,'Bulgaria','BG'),(24,'Bahrain','BH'),(25,'Burundi','BI'),(26,'Benin','BJ'),(27,'Saint Barthélemy','BL'),(28,'Bermuda','BM'),(29,'Brunei','BN'),(30,'Bolivia','BO'),(31,'Bonaire, Sint Eustatius and Saba','BQ'),(32,'Brazil','BR'),(33,'Bahamas','BS'),(34,'Bhutan','BT'),(35,'Bouvet Island','BV'),(36,'Botswana','BW'),(37,'Belarus','BY'),(38,'Belize','BZ'),(39,'Canada','CA'),(40,'Cocos Islands','CC'),(41,'The Democratic Republic Of Congo','CD'),(42,'Central African Republic','CF'),(43,'Congo','CG'),(44,'Switzerland','CH'),(45,'Côte d\'Ivoire','CI'),(46,'Cook Islands','CK'),(47,'Chile','CL'),(48,'Cameroon','CM'),(49,'China','CN'),(50,'Colombia','CO'),(51,'Costa Rica','CR'),(52,'Cuba','CU'),(53,'Cape Verde','CV'),(54,'Curaçao','CW'),(55,'Christmas Island','CX'),(56,'Cyprus','CY'),(57,'Czech Republic','CZ'),(58,'Germany','DE'),(59,'Djibouti','DJ'),(60,'Denmark','DK'),(61,'Dominica','DM'),(62,'Dominican Republic','DO'),(63,'Algeria','DZ'),(64,'Ecuador','EC'),(65,'Estonia','EE'),(66,'Egypt','EG'),(67,'Western Sahara','EH'),(68,'Eritrea','ER'),(69,'Spain','ES'),(70,'Ethiopia','ET'),(71,'Finland','FI'),(72,'Fiji','FJ'),(73,'Falkland Islands','FK'),(74,'Micronesia','FM'),(75,'Faroe Islands','FO'),(76,'France','FR'),(77,'Gabon','GA'),(78,'United Kingdom','GB'),(79,'Grenada','GD'),(80,'Georgia','GE'),(81,'French Guiana','GF'),(82,'Guernsey','GG'),(83,'Ghana','GH'),(84,'Gibraltar','GI'),(85,'Greenland','GL'),(86,'Gambia','GM'),(87,'Guinea','GN'),(88,'Guadeloupe','GP'),(89,'Equatorial Guinea','GQ'),(90,'Greece','GR'),(91,'South Georgia And The South Sandwich Islands','GS'),(92,'Guatemala','GT'),(93,'Guam','GU'),(94,'Guinea-Bissau','GW'),(95,'Guyana','GY'),(96,'Hong Kong','HK'),(97,'Heard Island And McDonald Islands','HM'),(98,'Honduras','HN'),(99,'Croatia','HR'),(100,'Haiti','HT'),(101,'Hungary','HU'),(102,'Indonesia','ID'),(103,'Ireland','IE'),(104,'Israel','IL'),(105,'Isle Of Man','IM'),(106,'India','IN'),(107,'British Indian Ocean Territory','IO'),(108,'Iraq','IQ'),(109,'Iran','IR'),(110,'Iceland','IS'),(111,'Italy','IT'),(112,'Jersey','JE'),(113,'Jamaica','JM'),(114,'Jordan','JO'),(115,'Japan','JP'),(116,'Kenya','KE'),(117,'Kyrgyzstan','KG'),(118,'Cambodia','KH'),(119,'Kiribati','KI'),(120,'Comoros','KM'),(121,'Saint Kitts And Nevis','KN'),(122,'North Korea','KP'),(123,'South Korea','KR'),(124,'Kuwait','KW'),(125,'Cayman Islands','KY'),(126,'Kazakhstan','KZ'),(127,'Laos','LA'),(128,'Lebanon','LB'),(129,'Saint Lucia','LC'),(130,'Liechtenstein','LI'),(131,'Sri Lanka','LK'),(132,'Liberia','LR'),(133,'Lesotho','LS'),(134,'Lithuania','LT'),(135,'Luxembourg','LU'),(136,'Latvia','LV'),(137,'Libya','LY'),(138,'Morocco','MA'),(139,'Monaco','MC'),(140,'Moldova','MD'),(141,'Montenegro','ME'),(142,'Saint Martin','MF'),(143,'Madagascar','MG'),(144,'Marshall Islands','MH'),(145,'Macedonia','MK'),(146,'Mali','ML'),(147,'Myanmar','MM'),(148,'Mongolia','MN'),(149,'Macao','MO'),(150,'Northern Mariana Islands','MP'),(151,'Martinique','MQ'),(152,'Mauritania','MR'),(153,'Montserrat','MS'),(154,'Malta','MT'),(155,'Mauritius','MU'),(156,'Maldives','MV'),(157,'Malawi','MW'),(158,'Mexico','MX'),(159,'Malaysia','MY'),(160,'Mozambique','MZ'),(161,'Namibia','NA'),(162,'New Caledonia','NC'),(163,'Niger','NE'),(164,'Norfolk Island','NF'),(165,'Nigeria','NG'),(166,'Nicaragua','NI'),(167,'Netherlands','NL'),(168,'Norway','NO'),(169,'Nepal','NP'),(170,'Nauru','NR'),(171,'Niue','NU'),(172,'New Zealand','NZ'),(173,'Oman','OM'),(174,'Panama','PA'),(175,'Peru','PE'),(176,'French Polynesia','PF'),(177,'Papua New Guinea','PG'),(178,'Philippines','PH'),(179,'Pakistan','PK'),(180,'Poland','PL'),(181,'Saint Pierre And Miquelon','PM'),(182,'Pitcairn','PN'),(183,'Puerto Rico','PR'),(184,'Palestine','PS'),(185,'Portugal','PT'),(186,'Palau','PW'),(187,'Paraguay','PY'),(188,'Qatar','QA'),(189,'Reunion','RE'),(190,'Romania','RO'),(191,'Serbia','RS'),(192,'Russia','RU'),(193,'Rwanda','RW'),(194,'Saudi Arabia','SA'),(195,'Solomon Islands','SB'),(196,'Seychelles','SC'),(197,'Sudan','SD'),(198,'Sweden','SE'),(199,'Singapore','SG'),(200,'Saint Helena','SH'),(201,'Slovenia','SI'),(202,'Svalbard And Jan Mayen','SJ'),(203,'Slovakia','SK'),(204,'Sierra Leone','SL'),(205,'San Marino','SM'),(206,'Senegal','SN'),(207,'Somalia','SO'),(208,'Suriname','SR'),(209,'South Sudan','SS'),(210,'Sao Tome And Principe','ST'),(211,'El Salvador','SV'),(212,'Sint Maarten (Dutch part)','SX'),(213,'Syria','SY'),(214,'Swaziland','SZ'),(215,'Turks And Caicos Islands','TC'),(216,'Chad','TD'),(217,'French Southern Territories','TF'),(218,'Togo','TG'),(219,'Thailand','TH'),(220,'Tajikistan','TJ'),(221,'Tokelau','TK'),(222,'Timor-Leste','TL'),(223,'Turkmenistan','TM'),(224,'Tunisia','TN'),(225,'Tonga','TO'),(226,'Turkey','TR'),(227,'Trinidad and Tobago','TT'),(228,'Tuvalu','TV'),(229,'Taiwan','TW'),(230,'Tanzania','TZ'),(231,'Ukraine','UA'),(232,'Uganda','UG'),(233,'United States Minor Outlying Islands','UM'),(234,'United States','US'),(235,'Uruguay','UY'),(236,'Uzbekistan','UZ'),(237,'Vatican','VA'),(238,'Saint Vincent And The Grenadines','VC'),(239,'Venezuela','VE'),(240,'British Virgin Islands','VG'),(241,'U.S. Virgin Islands','VI'),(242,'Vietnam','VN'),(243,'Vanuatu','VU'),(244,'Wallis And Futuna','WF'),(245,'Samoa','WS'),(246,'Yemen','YE'),(247,'Mayotte','YT'),(248,'South Africa','ZA'),(249,'Zambia','ZM'),(250,'Zimbabwe','ZW'),(253,'New Country','CCN');
/*!40000 ALTER TABLE `countries` ENABLE KEYS */;
UNLOCK TABLES;

--
-- Table structure for table `customers`
--

DROP TABLE IF EXISTS `customers`;
/*!40101 SET @saved_cs_client     = @@character_set_client */;
/*!50503 SET character_set_client = utf8mb4 */;
CREATE TABLE `customers` (
  `id` int NOT NULL AUTO_INCREMENT,
  `email` varchar(45) NOT NULL,
  `password` varchar(64) NOT NULL,
  `first_name` varchar(45) NOT NULL,
  `last_name` varchar(45) NOT NULL,
  `phone_number` varchar(15) NOT NULL,
  `address_line_1` varchar(64) NOT NULL,
  `address_line_2` varchar(64) DEFAULT NULL,
  `city` varchar(45) NOT NULL,
  `state` varchar(45) NOT NULL,
  `country_id` int DEFAULT NULL,
  `postal_code` varchar(10) NOT NULL,
  `created_time` datetime(6) DEFAULT NULL,
  `enabled` bit(1) NOT NULL,
  `verification_code` varchar(64) DEFAULT NULL,
  `authentication_type` varchar(10) DEFAULT NULL,
  `reset_password_token` varchar(30) DEFAULT NULL,
  PRIMARY KEY (`id`),
  UNIQUE KEY `UK_rfbvkrffamfql7cjmen8v976v` (`email`),
  KEY `FK7b7p2myt0y31l4nyj1p7sk0b1` (`country_id`),
  CONSTRAINT `FK7b7p2myt0y31l4nyj1p7sk0b1` FOREIGN KEY (`country_id`) REFERENCES `countries` (`id`)
) ENGINE=InnoDB AUTO_INCREMENT=59 DEFAULT CHARSET=utf8mb4 COLLATE=utf8mb4_0900_ai_ci;
/*!40101 SET character_set_client = @saved_cs_client */;

--
-- Dumping data for table `customers`
--

LOCK TABLES `customers` WRITE;
/*!40000 ALTER TABLE `customers` DISABLE KEYS */;
INSERT INTO `customers` VALUES (1,'youlanda@aol.com','$2a$10$zN0ElJCwqteE.5bh6olgCuYAnVHcswwJphFEb7qHK2ugGIF8096k2','Seattle','King','','',NULL,'','',234,'','2022-11-01 17:15:34.908000',_binary '',NULL,'DATABASE',NULL),(2,'kati.rulapaugh@hotmail.com','','Orlando','Orange','','',NULL,'','',234,'','2022-11-01 17:18:01.098000',_binary '',NULL,'GOOGLE',NULL),(3,'devorah@hotmail.com','$2a$10$mkN/Jh4dOUx9eTll/xWKGuF.Q5E5bwnEpCJcH50lldX5EvQufKl8a','Trí','Quang','0987774191','Viet Nam','Ho Chi Minh','Ha Noi','Ho Chi Minh City',242,'1224256','2022-11-01 17:19:06.656000',_binary '',NULL,'GOOGLE',NULL),(4,'mina.nguyen@dxc.com','$2a$10$yjimF2bcjg1VWdj8sMFKhuigJVDL0qfMN./H9M90eDEMI4648DhpK','Ana','Mi','0987774191','Viet Nam','Ho Chi Minh','Ha Noi','Cambridge',10,'122425678','2022-11-01 18:12:37.539000',_binary '',NULL,'DATABASE','14DmRRI2xLGlBpeYWXE9MCf9tes9Hy'),(5,'adalane.18@gmail.com','$2a$10$jyIgB3l.699w1986AoOFquHjRgeAmSacZLMo9PvpxMoWBfdsvqKvO','Tri','Quang','0987774191',' ',' ',' ','Cambridge',13,' ','2022-11-03 20:10:58.071000',_binary '\0','7twMy1xlZ47ibCbklpG2gNqQnKR0UudCA9OBK2pKpTSpsONdH9cVe9ILbLq5nPFo','DATABASE',NULL),(6,'herntyi.nguyen@dxc.com','$2a$10$zN0ElJCwqteE.5bh6olgCuYAnVHcswwJphFEb7qHK2ugGIF8096k2','Leo','Messi','0987774191',' ',' ',' ','Tasmania',14,' ','2022-11-11 15:26:50.249000',_binary '',NULL,'DATABASE','Q2nMlq8hG8n5lPyiOYfGxFwoEFYD9D'),(7,'vokhanhloc1994@gmail.com','','Khánh','Lộc Võ','','',NULL,'','',234,'','2022-11-15 19:32:36.922000',_binary '',NULL,'GOOGLE',NULL),(8,'timothy_mulqueen@mulqueen.org','','Trí','Quang','','',NULL,'','',234,'','2022-11-16 10:59:55.140000',_binary '',NULL,'FACEBOOK',NULL),(9,'chauncey_motley@aol.com','$2a$10$zN0ElJCwqteE.5bh6olgCuYAnVHcswwJphFEb7qHK2ugGIF8096k2','Motley','Chauncey','0123456789','63 E Aurora Dr','63 E Aurora Dr','Orlando','Orlando',234,'32804','2022-11-15 19:32:36.922000',_binary '',NULL,'DATABASE',NULL),(10,'jbiddy@yahoo.com','$2a$10$zN0ElJCwqteE.5bh6olgCuYAnVHcswwJphFEb7qHK2ugGIF8096k2','Biddy','Jani','0123456789','63 E Aurora Dr','63 E Aurora Dr','Orlando','Orlando',234,'32804','2022-11-15 19:32:36.922000',_binary '',NULL,'DATABASE',NULL),(11,'flo.bookamer@cox.net','$2a$10$zN0ElJCwqteE.5bh6olgCuYAnVHcswwJphFEb7qHK2ugGIF8096k2','Flo','Bookamer','0123456789','63 E Aurora Dr','63 E Aurora Dr','Orlando','Orlando',234,'32804','2022-11-15 19:32:36.922000',_binary '',NULL,'DATABASE',NULL),(12,'rkampa@kampa.org','$2a$10$zN0ElJCwqteE.5bh6olgCuYAnVHcswwJphFEb7qHK2ugGIF8096k2','Raylene','Kampa','0123456789','2 Sw Nyberg Rd',NULL,'Ha Noi','Orlando',234,'32804','2022-11-15 19:32:36.922000',_binary '',NULL,'DATABASE',NULL),(13,'bgillaspie@gillaspie.com\n','$2a$10$zN0ElJCwqteE.5bh6olgCuYAnVHcswwJphFEb7qHK2ugGIF8096k2','Gillaspie\n','Brittni','0123456789','2 Sw Nyberg Rd',NULL,'Ha Noi','Orlando',234,'32804','2022-11-15 19:32:36.922000',_binary '',NULL,'DATABASE',NULL),(34,'gail_similton@similton.com','$2a$10$zN0ElJCwqteE.5bh6olgCuYAnVHcswwJphFEb7qHK2ugGIF8096k2','Harabedian','Lai','0123456789','1933 Packer Ave #2','1933 Packer Ave #2','Ha Noi','Orlando',234,'32804','2022-11-15 19:32:36.922000',_binary '',NULL,'DATABASE',NULL),(35,'alesia_hixenbaugh@hixenbaugh.org','$2a$10$zN0ElJCwqteE.5bh6olgCuYAnVHcswwJphFEb7qHK2ugGIF8096k2','Harabedian','Lai','0123456789','1933 Packer Ave #2','1933 Packer Ave #2','Ha Noi','Orlando',234,'32804','2022-11-15 19:32:36.922000',_binary '',NULL,'DATABASE',NULL),(36,'jbutt@gmail.com','$2a$10$zN0ElJCwqteE.5bh6olgCuYAnVHcswwJphFEb7qHK2ugGIF8096k2','James','Butt','0123456789','1933 Packer Ave #2','1933 Packer Ave #2','Ha Noi','Orlando',234,'32804','2022-11-15 19:32:36.922000',_binary '',NULL,'DATABASE',NULL),(37,'josephine_darakjy@darakjy.org','$2a$10$zN0ElJCwqteE.5bh6olgCuYAnVHcswwJphFEb7qHK2ugGIF8096k2','Josephine','Darakjy','0123456789','1933 Packer Ave #2','1933 Packer Ave #2','Ha Noi','Orlando',234,'32804','2022-11-15 19:32:36.922000',_binary '',NULL,'DATABASE',NULL),(38,'art@venere.org','$2a$10$zN0ElJCwqteE.5bh6olgCuYAnVHcswwJphFEb7qHK2ugGIF8096k2','Venere','Art','0123456789','1933 Packer Ave #2','1933 Packer Ave #2','Ha Noi','Orlando',234,'32804','2022-11-15 19:32:36.922000',_binary '',NULL,'DATABASE',NULL),(39,'aprocki@hotmail.com','$2a$10$zN0ElJCwqteE.5bh6olgCuYAnVHcswwJphFEb7qHK2ugGIF8096k2','Lenna','Paprocki','0123456789','1933 Packer Ave #2','1933 Packer Ave #2','Ha Noi','Orlando',234,'32804','2022-11-15 19:32:36.922000',_binary '',NULL,'DATABASE',NULL),(40,'onette.foller@cox.net','$2a$10$zN0ElJCwqteE.5bh6olgCuYAnVHcswwJphFEb7qHK2ugGIF8096k2','Donette','Foller','0123456789','1933 Packer Ave #2','1933 Packer Ave #2','Ha Noi','Orlando',234,'32804','2022-11-15 19:32:36.922000',_binary '',NULL,'DATABASE',NULL),(41,'limona@morasca.com','$2a$10$zN0ElJCwqteE.5bh6olgCuYAnVHcswwJphFEb7qHK2ugGIF8096k2','Simona','Morasca','0123456789','1933 Packer Ave #2','1933 Packer Ave #2','Ha Noi','Orlando',234,'32804','2022-11-15 19:32:36.922000',_binary '',NULL,'DATABASE',NULL),(42,'mitsue_tollner@yahoo.com','$2a$10$zN0ElJCwqteE.5bh6olgCuYAnVHcswwJphFEb7qHK2ugGIF8096k2','Mitsue','Tollner','0123456789','1933 Packer Ave #2','1933 Packer Ave #2','Ha Noi','Orlando',234,'32804','2022-11-15 19:32:36.922000',_binary '',NULL,'DATABASE',NULL),(43,'leota@hotmail.com','$2a$10$zN0ElJCwqteE.5bh6olgCuYAnVHcswwJphFEb7qHK2ugGIF8096k2','Leota','Sage','0123456789','1933 Packer Ave #2','1933 Packer Ave #2','Ha Noi','Orlando',234,'32804','2022-11-15 19:32:36.922000',_binary '',NULL,'DATABASE',NULL),(44,'lawrence.lorens@hotmail.com','$2a$10$zN0ElJCwqteE.5bh6olgCuYAnVHcswwJphFEb7qHK2ugGIF8096k2','Dilliard','Wieser','0123456789','1933 Packer Ave #2','1933 Packer Ave #2','Ha Noi','Orlando',234,'32804','2022-11-15 19:32:36.922000',_binary '',NULL,'DATABASE',NULL),(45,'sage_wieser@cox.net','$2a$10$zN0ElJCwqteE.5bh6olgCuYAnVHcswwJphFEb7qHK2ugGIF8096k2','Kris','Marrier','0123456789','1933 Packer Ave #2','1933 Packer Ave #2','Ha Noi','Orlando',234,'32804','2022-11-15 19:32:36.922000',_binary '',NULL,'DATABASE',NULL),(46,'kris@gmail.com','$2a$10$zN0ElJCwqteE.5bh6olgCuYAnVHcswwJphFEb7qHK2ugGIF8096k2','Minna','Amigon','0123456789','1933 Packer Ave #2','1933 Packer Ave #2','Ha Noi','New Jersey',234,'32804','2022-11-15 19:32:36.922000',_binary '',NULL,'DATABASE',NULL),(47,'minna_amigon@yahoo.com','$2a$10$zN0ElJCwqteE.5bh6olgCuYAnVHcswwJphFEb7qHK2ugGIF8096k2','Abel','Maclead','0123456789','1933 Packer Ave #2','1933 Packer Ave #2','Ha Noi','Orlando',234,'32804','2022-11-15 19:32:36.922000',_binary '',NULL,'DATABASE',NULL),(48,'calbares@gmail.com','$2a$10$zN0ElJCwqteE.5bh6olgCuYAnVHcswwJphFEb7qHK2ugGIF8096k2','Kiley','Caldarera','0123456789','1933 Packer Ave #2','1933 Packer Ave #2','Ha Noi','Orlando',234,'32804','2022-11-15 19:32:36.922000',_binary '',NULL,'DATABASE',NULL),(49,'mattie@aol.com','$2a$10$zN0ElJCwqteE.5bh6olgCuYAnVHcswwJphFEb7qHK2ugGIF8096k2','Graciela','Ruta','0123456789','1933 Packer Ave #2','1933 Packer Ave #2','Ha Noi','Orlando',234,'32804','2022-11-15 19:32:36.922000',_binary '',NULL,'DATABASE',NULL),(50,'refugia.jacobos@jacobos.com','$2a$10$zN0ElJCwqteE.5bh6olgCuYAnVHcswwJphFEb7qHK2ugGIF8096k2','Cammy','Similton','0123456789','1933 Packer Ave #2','1933 Packer Ave #2','Ha Noi','Ho Chi Minh City',242,'32804','2022-11-15 19:32:36.922000',_binary '',NULL,'DATABASE',NULL),(51,'mdelasancha@hotmail.com','$2a$10$zN0ElJCwqteE.5bh6olgCuYAnVHcswwJphFEb7qHK2ugGIF8096k2','Catalina','Tillotson','0123456789','1933 Packer Ave #2','1933 Packer Ave #2','Ha Noi','Ho Chi Minh City',242,'32804','2022-11-15 19:32:36.922000',_binary '',NULL,'DATABASE',NULL),(52,'loren.asar@aol.com','$2a$10$zN0ElJCwqteE.5bh6olgCuYAnVHcswwJphFEb7qHK2ugGIF8096k2','Lawrence','Lorens','0123456789','1933 Packer Ave #2','1933 Packer Ave #2','Ha Noi','Orlando',234,'32804','2022-11-15 19:32:36.922000',_binary '',NULL,'DATABASE',NULL),(53,'carlee.boulter@hotmail.com','$2a$10$zN0ElJCwqteE.5bh6olgCuYAnVHcswwJphFEb7qHK2ugGIF8096k2','Carlee','Boulter','0123456789','1933 Packer Ave #2','1933 Packer Ave #2','Ha Noi','Ho Chi Minh City',242,'32804','2022-11-15 19:32:36.922000',_binary '',NULL,'DATABASE',NULL),(54,'ohnetta_abdallah@aol.com','$2a$10$htnEtl3qZpfSoI15n.QjZO46DFiZLvTAJiL/mYKQYEbhy3HRVCeWi','Tri','Quang','1312421454',' ',' ',' ','Tasmania',5,' ','2022-11-18 09:12:55.259000',_binary '\0','QQJ06xHXDvdBvy0QgdfEx2wOgmFTybURtWVDkypKesuUlda2z4wXWvUL7uhZol6N','DATABASE',NULL),(55,'kallie.blackwood@gmail.com','$2a$10$yVggeOY0IPgpVlOokcw/ku2pAGFDOgvl1pTBUhTlLySOijmcvqe5C','Tri','Quang','0987774191',' ',' ',' ','wqfweq',24,' ','2022-11-18 09:15:08.869000',_binary '',NULL,'DATABASE',NULL),(56,'triquang.74qt@gmail.com','','Timothy','Mulqueen','0987774191','Viet Nam','Ho Chi Minh','Ha Noi','New York',234,'1224256','2022-11-22 08:41:09.579000',_binary '',NULL,'FACEBOOK','ulL3OyHLlzex0qeBekUaRrHzaZuNg8'),(57,'triquang.15qt@gmail.com','','Quang','Trí','','',NULL,'','',234,'','2022-11-22 08:41:41.563000',_binary '',NULL,'GOOGLE',NULL),(58,'sabra@uyetake.org','$2a$10$FbORWisF57jMvvuITXDcIeDsq76OX8T1mOXYIKL9SccncRByV7ze2','Mina','Jon','0987774191',' ',' Viet Nam','Ho Chi Minh ','Cambridge',1,' 123456','2022-11-22 08:44:56.029000',_binary '',NULL,'DATABASE',NULL);
/*!40000 ALTER TABLE `customers` ENABLE KEYS */;
UNLOCK TABLES;

--
-- Table structure for table `product_details`
--

DROP TABLE IF EXISTS `product_details`;
/*!40101 SET @saved_cs_client     = @@character_set_client */;
/*!50503 SET character_set_client = utf8mb4 */;
CREATE TABLE `product_details` (
  `id` int NOT NULL AUTO_INCREMENT,
  `name` varchar(255) NOT NULL,
  `value` varchar(255) NOT NULL,
  `product_id` int DEFAULT NULL,
  PRIMARY KEY (`id`),
  KEY `FKnfvvq3meg4ha3u1bju9k4is3r` (`product_id`),
  CONSTRAINT `FKnfvvq3meg4ha3u1bju9k4is3r` FOREIGN KEY (`product_id`) REFERENCES `products` (`id`)
) ENGINE=InnoDB AUTO_INCREMENT=149 DEFAULT CHARSET=utf8mb4 COLLATE=utf8mb4_0900_ai_ci;
/*!40101 SET character_set_client = @saved_cs_client */;

--
-- Dumping data for table `product_details`
--

LOCK TABLES `product_details` WRITE;
/*!40000 ALTER TABLE `product_details` DISABLE KEYS */;
INSERT INTO `product_details` VALUES (4,'Vocalism Principle','Dynamic',2),(5,'Style','Over the Ear',2),(6,'Control Button','Yes',2),(7,'Material','Fabric',2),(8,'Certification','CE',2),(9,'Waterproof','Dynamic',3),(10,'Print length','464 pages',3),(11,'Vocalism Principle','Over the Ear',3),(16,'Style','Over the Ear',5),(17,'Control Button','Yes',5),(18,'Plug Type','Line Type',5),(19,'Material','Fabric',5),(20,'Print length','352 pages',6),(21,'Vocalism Principle','Dynamic',6),(22,'Screen','Over the Ear',6),(23,'Chip','A16 Bionic chip — superfast and superefficient for amazing all-day battery life',7),(24,'Vocalism Principle','Dynamic',7),(25,'Chip','Over the Ear',7),(38,'Vocalism Principle','Dynamic',1),(39,'Print length','464 pages',1),(40,'Style','OLED6.1\"Super Retina XDR',1),(41,'Style','Over the Ear',2),(42,'Plug Type','Line Type',2),(43,'Material','Fabric',2),(44,'Print length','352 pages',3),(45,'Screen','A16 Bionic chip — superfast and superefficient for amazing all-day battery life',3),(46,'Style','Dynamic',3),(47,'Print length','464 pages',5),(48,'Screen','A16 Bionic chip — superfast and superefficient for amazing all-day battery life',5),(49,'Style','Over the Ear',5),(50,'Print length','OLED6.1\"Super Retina XDR',6),(51,'Style','A16 Bionic chip — superfast and superefficient for amazing all-day battery life',6),(52,'Vocalism Principle','Dynamic',6),(53,'Print length','464 pages',7),(61,' Screen Size','25 Inches',12),(62,'Display','1920 x 1080 Pixels',12),(63,'Special Feature','Built-In Speakers, Frameless, Flicker Free, Blue Light Filter, Swivel Adjustment, Height Adjustment, Tilt AdjustmentBuilt-In Speakers, Frameless, Flicker Free, Blue Light Filter, Swivel Adjustment, Height Adjustment',12),(64,'Refresh Rate','165 Hz',12),(65,'Print length','464 pages',13),(66,'Dimensions','5.31 x 0.9 x 8.25 inches',13),(67,'ISBN-13','978-1501110368',13),(68,'Language','English',13),(69,'Publication date','August 2, 2016',13),(70,'Model Name','Withings ScanWatch Horizon',14),(71,'Style','43mm',14),(72,'Color','Green',14),(73,'Special ','GPS',14),(74,'Compatible','Smartphone',14),(75,'Color','Dark Blue',15),(76,'Ean','0810043375146',15),(77,'Included Components','1 x Apex™ HR Smart Fitness Scale, 1 x USB Type-C Charging Cable, 1 x QSG',15),(78,'Material','Glass',15),(79,'Measurement Accuracy','0.1 lb / 0.05 kg',15),(80,'Title','Hudson Baby Bodysuits',16),(81,'Gender','Boys, Girls',16),(82,'Fabric Content','100% cotton	',16),(83,'Size Range','0-24 Months',16),(84,'Optimal Usage','Apparel for home and outerwear',16),(85,'Style	','Modern',17),(86,'Color','Shadow Grey/Graphite',17),(87,'Special ','Sleep Monitor',17),(88,'Compatible','Smartphone',17),(89,'Connectivity ','Bluetooth',17),(90,'Package Dimensions','20.83 x 16.3 x 3.31 inches; 14.39 Ounces',18),(91,'Item model number','W-S17AE10009',18),(92,'Date First Available','January 15, 2020',18),(93,'Manufacturer ','Amazon Essentials',18),(94,'Driver(s)','40mm',19),(95,'Adjustable Headband','✓',19),(96,'LED Light','Bicolor/Blue',19),(97,'Compatibility','PS4, PC, Xbox One, Laptop, Mac, Nintendo Switch',19),(98,'Fill Material','Polyester',20),(99,'Pillow Type','Throw Pillow',20),(100,'Color','White',20),(101,'Size','4 Count (Pack of 1)',20),(102,'Color','White',21),(103,'Blade ','Stainless Steel',21),(104,'Blade Edge','Fine',21),(105,'Item ','5.38 x 14.5 x 9.88 inches',21),(106,'Dimensions ','LxWxH',21),(107,'Material','Ceramic',22),(108,'Special ','Dishwasher Safe',22),(109,'Color','Gray',22),(110,'Capacity','5 Liters, 3 Liters',22),(111,'Color','Charcoal',23),(112,'Material','Polyester',23),(113,'Product Dimensions','84\"L x 48\"W',23),(114,'Opacity','Semi-sheer',23),(115,'Special Feature','Machine Washable',23),(116,'Item Dimensions','3.1 x 3.9 x 3.9 inches',24),(117,'Lens Type','Wide Angle',24),(118,'Item Weight','1.50 lbs',24),(119,'Maximum Focal Length','18 millimeters',24),(120,'Maximum Aperture Range','f/2.8 - f/22',24),(121,'Model Name','AirPods',25),(122,'Color','White',25),(123,'Form Factor','In Ear',25),(124,'onnectivity','Bluetooth 5.0',25),(125,'Single Serve Coffee','Add Water each time 6 - 12 oz',26),(126,'Strength Control','Single Serve',26),(127,'Water Reservoir Capacity','Add water each time',26),(128,'Box Includes','Pod Storage',26),(129,'Is Discontinued By Manufacturer','No',27),(130,'Product Dimensions','7.99 x 1.61 x 0.43 inches; 1.12 Ounces',27),(131,'Item model number','TW4B08200',27),(132,'Department ','Mens',27),(133,'Batteries ','1 Lithium Metal batteries required. (included)',27),(134,'Manufacturer','Timex',27),(135,'Package Dimensions','8.94 x 7.4 x 4.02 inches; 1.04 Pounds',28),(136,'Item model number','TB007605',28),(137,'Vocalism Principle','A16 Bionic chip — superfast and superefficient for amazing all-day battery life',28),(140,'Date First Available ','May 9, 2022',28),(141,'Manufacturer','Stride Rite 360',28),(142,'Best Sellers Rank','#47,878 in Clothing, Shoes & Jewelry',28),(143,'Package Dimensions','3.5 x 3.39 x 2.05 inches; 1.76 Ounces',30),(144,'Item model number','A21EBMCSG',30),(145,'Department','Womens',30),(146,'Date First Available','October 24, 2021',30),(147,'Package Dimensions','14.29 x 11.38 x 5.67 inches',31),(148,'Item Weight','4 pounds',31);
/*!40000 ALTER TABLE `product_details` ENABLE KEYS */;
UNLOCK TABLES;

--
-- Table structure for table `product_images`
--

DROP TABLE IF EXISTS `product_images`;
/*!40101 SET @saved_cs_client     = @@character_set_client */;
/*!50503 SET character_set_client = utf8mb4 */;
CREATE TABLE `product_images` (
  `id` int NOT NULL AUTO_INCREMENT,
  `name` varchar(255) NOT NULL,
  `product_id` int DEFAULT NULL,
  PRIMARY KEY (`id`),
  KEY `FKqnq71xsohugpqwf3c9gxmsuy` (`product_id`),
  CONSTRAINT `FKqnq71xsohugpqwf3c9gxmsuy` FOREIGN KEY (`product_id`) REFERENCES `products` (`id`)
) ENGINE=InnoDB AUTO_INCREMENT=83 DEFAULT CHARSET=utf8mb4 COLLATE=utf8mb4_0900_ai_ci;
/*!40101 SET character_set_client = @saved_cs_client */;

--
-- Dumping data for table `product_images`
--

LOCK TABLES `product_images` WRITE;
/*!40000 ALTER TABLE `product_images` DISABLE KEYS */;
INSERT INTO `product_images` VALUES (5,'1.jpg',2),(8,'2.jpg',5),(9,'2.jpg',6),(10,'72fcedfd601c115d315384e0f491c1a6_tn.jpg',7),(15,'2.jpg',1),(16,'2.jpg',2),(17,'1.jpg',3),(18,'3.jpg',5),(19,'3.jpg',6),(20,'916053f2e7a8d217b8878e44b08012b8.jpg',7),(21,'4.jpg',6),(22,'4.jpg',1),(28,'2.jpg',12),(29,'3.jpg',12),(30,'4.jpg',12),(31,'2.jpg',13),(32,'4.jpg',13),(33,'4.jpg',14),(34,'3.jpg',14),(35,'2.jpg',14),(36,'3.jpg',15),(37,'2.jpg',15),(38,'4.jpg',15),(39,'3.jpg',16),(40,'4.jpg',16),(41,'2.jpg',16),(42,'4.jpg',17),(43,'3.jpg',17),(44,'2.jpg',17),(45,'2.jpg',18),(46,'4.jpg',18),(47,'3.jpg',18),(48,'3.jpg',19),(49,'4.jpg',19),(50,'2.jpg',19),(51,'1.jpg',20),(52,'2.jpg',20),(53,'3.jpg',20),(54,'41N54OSLrnL._AC_SR480,480_.jpg',21),(55,'41zZD3lZSAL._AC_SR480,480_.jpg',21),(56,'61Seh2CBtPS._AC_SX679_.jpg',22),(57,'81lCmpeTGjL._AC_UL400_.jpg',22),(58,'5123tsJOYtL._AC_UF452,452_FMjpg_.jpg',23),(59,'419L6NkEcKL._AC_UF452,452_FMjpg_.jpg',23),(63,'3.jpg',24),(64,'2.jpg',24),(65,'81W5RSDOy-L._AC_SX679_.jpg',25),(66,'71QT9PrfxyL._AC_SX679_.jpg',25),(67,'71NLN1HgFkL._AC_SX679_.jpg',25),(68,'71NTi82uBEL._AC_SX679_.jpg',25),(69,'71p2OzZS2GL._AC_SX679_.jpg',26),(70,'7157FC-NWTL._AC_SX679_.jpg',26),(71,'71wHVqxXCHL._AC_SX679_.jpg',26),(72,'3.jpg',27),(73,'1.jpg',27),(74,'2.jpg',27),(75,'2.jpg',28),(77,'3.jpg',28),(78,'2.jpg',30),(79,'3.jpg',30),(80,'4.jpg',30),(81,'extras3.jpg',31),(82,'extras1.jpg',31);
/*!40000 ALTER TABLE `product_images` ENABLE KEYS */;
UNLOCK TABLES;

--
-- Table structure for table `products`
--

DROP TABLE IF EXISTS `products`;
/*!40101 SET @saved_cs_client     = @@character_set_client */;
/*!50503 SET character_set_client = utf8mb4 */;
CREATE TABLE `products` (
  `id` int NOT NULL AUTO_INCREMENT,
  `name` varchar(256) NOT NULL,
  `alias` varchar(256) NOT NULL,
  `short_description` varchar(4096) NOT NULL,
  `full_description` varchar(4096) NOT NULL,
  `main_image` varchar(255) NOT NULL,
  `created_time` datetime(6) DEFAULT NULL,
  `updated_time` datetime(6) DEFAULT NULL,
  `enabled` bit(1) NOT NULL DEFAULT b'1',
  `in_stock` bit(1) DEFAULT b'1',
  `cost` float NOT NULL DEFAULT '0',
  `price` float NOT NULL DEFAULT '0',
  `discount_percent` float DEFAULT '0',
  `length` float NOT NULL DEFAULT '0',
  `width` float NOT NULL DEFAULT '0',
  `height` float NOT NULL DEFAULT '0',
  `weight` float NOT NULL DEFAULT '0',
  `brand_id` int DEFAULT NULL,
  `category_id` int DEFAULT NULL,
  `average_rating` float NOT NULL,
  `review_count` int NOT NULL,
  `shop_id` int DEFAULT NULL,
  `customer_id` int DEFAULT NULL,
  PRIMARY KEY (`id`),
  UNIQUE KEY `UK_8qwq8q3hk7cxkp9gruxupnif5` (`alias`),
  UNIQUE KEY `UK_o61fmio5yukmmiqgnxf8pnavn` (`name`),
  KEY `FKa3a4mpsfdf4d2y6r8ra3sc8mv` (`brand_id`),
  KEY `FKog2rp4qthbtt2lfyhfo32lsw9` (`category_id`),
  KEY `FK7kp8sbhxboponhx3lxqtmkcoj` (`shop_id`),
  KEY `FK29w1glmsx19fyn0ts34ak8pc5` (`customer_id`),
  FULLTEXT KEY `products_FTS` (`name`,`short_description`,`full_description`),
  CONSTRAINT `FK29w1glmsx19fyn0ts34ak8pc5` FOREIGN KEY (`customer_id`) REFERENCES `customers` (`id`),
  CONSTRAINT `FK7kp8sbhxboponhx3lxqtmkcoj` FOREIGN KEY (`shop_id`) REFERENCES `shops` (`id`),
  CONSTRAINT `FKa3a4mpsfdf4d2y6r8ra3sc8mv` FOREIGN KEY (`brand_id`) REFERENCES `brands` (`id`),
  CONSTRAINT `FKog2rp4qthbtt2lfyhfo32lsw9` FOREIGN KEY (`category_id`) REFERENCES `categories` (`id`)
) ENGINE=InnoDB AUTO_INCREMENT=32 DEFAULT CHARSET=utf8mb4 COLLATE=utf8mb4_0900_ai_ci;
/*!40101 SET character_set_client = @saved_cs_client */;

--
-- Dumping data for table `products`
--

LOCK TABLES `products` WRITE;
/*!40000 ALTER TABLE `products` DISABLE KEYS */;
INSERT INTO `products` VALUES (1,'26 inch sport bike','26-inch-sport-bike','<div><span style=\"color: rgb(96, 96, 96); font-family: Poppins, sans-serif; display: inline !important;\">Lorem ipsum dolor sit amet consectetur adipisicing elit. Quae rerum eveniet esse modi nemo mollitia. Vitae adipisci ab nulla sequi fuga saepe harum placeat voluptatibus ea quam, assumenda illum natus.</span><br></div>','<div><div>Shank porchetta anim ham in esse. Duis swine mollit incididunt, quis pork belly rump ut ball tip venison strip steak pancetta proident. Ground roun duis beef, eu sunt non dolor esse capicola shoulder strip steak. Ut fatback chuck minim exercitation kielbasa. Cupidatat nostrud prosciutto corned beefdgf meatball sausage lorem.Ground round jowl pig, short ribs turducken cillum labore aliqua bacon ea doner anim esse. Jerky laboris id, fatback ut gfjb Filet mignon corned beef laboris ipsum porchetta beef irure dolor fatback. Pariatur cupim occaecat short ribs</div><div>consectetur, venison ipsum flank hamburger bacon tri-tip. Eu duis est cupidatat prosciutto alcatra, consectetur aute velit shoulder shankle ham ho Cillum deserunt velit dolor, beef ribs excepteur hamburger flank occaecat. Qui dolor flank picanha t-bone lorem</div><div class=\"row\" style=\"--bs-gutter-x:1.5rem; --bs-gutter-y:0; margin-top: calc(-1 * var(--bs-gutter-y)); margin-right: calc(-0.5 * var(--bs-gutter-x)); margin-left: calc(-0.5 * var(--bs-gutter-x)); color: rgb(33, 37, 41); font-family: Poppins, sans-serif;\"><div class=\"col-lg-4 col-md-6\" style=\"width: 399.99px; padding-right: calc(var(--bs-gutter-x) * 0.5); padding-left: calc(var(--bs-gutter-x) * 0.5); margin-top: var(--bs-gutter-y);\"><div class=\"part-img\" style=\"padding-top: 6px; padding-bottom: 24px;\"><img src=\"https://revelecommerce.codebasket.net/assets/images/product-dscr-img.jpg\" alt=\"Image\"></div></div><div class=\"col-lg-8 col-md-6\" style=\"width: 799.99px; padding-right: calc(var(--bs-gutter-x) * 0.5); padding-left: calc(var(--bs-gutter-x) * 0.5); margin-top: var(--bs-gutter-y);\"><div>Lorem ipsum dolor sit amet, consectetur adipiscing elit, sed do eiusmodt tempor incididunt ut labore et dolore magna aliqua. Quis ipsum vcdisse ultrices gravida. Risus commodo viverra maecenas accumsan lacus Lorem ipsum dolor sit amet, consectetur adipiscing elit,</div><div>sed do eiusmod tempor incididunt ut labore et dolore magna aliqua. Quis ipsum suspendisse ultrices gravida. Risus commodo viverra maecenas accumsan lacus vel facilisis.</div></div></div><div>Shank porchetta anim ham in esse. Duis swine mollit incididunt, quis pork belly rump ut ball tip venison strip steak pancetta proident. Ground roun duis beef, eu sunt non dolor esse capicola shoulder strip steak. Ut fatback chuck minim exercitation kielbasa. Cupidatat nostrud prosciutto corned beefdgf meatball sausage lorem.Ground round jowl pig, short ribs turducken cillum labore aliqua bacon ea doner anim esse. Jerky laboris id, fatback ut gfjb Filet mignon corned beef laboris ipsum porchetta beef irure dolor fatback. Pariatur cupim occaecat short ribs</div></div>','1.jpg','2022-11-04 18:28:06.640000','2022-11-05 21:08:12.723000',_binary '',_binary '',3,136,3,3,2,3,2,9,30,3,1,4,3),(2,'White short ','White-short-','<div><span style=\"color: rgb(96, 96, 96); font-family: Poppins, sans-serif; display: inline !important;\">Lorem ipsum dolor sit amet consectetur adipisicing elit. Quae rerum eveniet esse modi nemo mollitia. Vitae adipisci ab nulla sequi fuga saepe harum placeat voluptatibus ea quam, assumenda illum natus.</span><br></div>','<div><div>Shank porchetta anim ham in esse. Duis swine mollit incididunt, quis pork belly rump ut ball tip venison strip steak pancetta proident. Ground roun duis beef, eu sunt non dolor esse capicola shoulder strip steak. Ut fatback chuck minim exercitation kielbasa. Cupidatat nostrud prosciutto corned beefdgf meatball sausage lorem.Ground round jowl pig, short ribs turducken cillum labore aliqua bacon ea doner anim esse. Jerky laboris id, fatback ut gfjb Filet mignon corned beef laboris ipsum porchetta beef irure dolor fatback. Pariatur cupim occaecat short ribs</div><div>consectetur, venison ipsum flank hamburger bacon tri-tip. Eu duis est cupidatat prosciutto alcatra, consectetur aute velit shoulder shankle ham ho Cillum deserunt velit dolor, beef ribs excepteur hamburger flank occaecat. Qui dolor flank picanha t-bone lorem</div><div class=\"row\" style=\"--bs-gutter-x:1.5rem; --bs-gutter-y:0; margin-top: calc(-1 * var(--bs-gutter-y)); margin-right: calc(-0.5 * var(--bs-gutter-x)); margin-left: calc(-0.5 * var(--bs-gutter-x)); color: rgb(33, 37, 41); font-family: Poppins, sans-serif;\"><div class=\"col-lg-4 col-md-6\" style=\"width: 399.99px; padding-right: calc(var(--bs-gutter-x) * 0.5); padding-left: calc(var(--bs-gutter-x) * 0.5); margin-top: var(--bs-gutter-y);\"><div class=\"part-img\" style=\"padding-top: 6px; padding-bottom: 24px;\"><img src=\"https://revelecommerce.codebasket.net/assets/images/product-dscr-img.jpg\" alt=\"Image\"></div></div><div class=\"col-lg-8 col-md-6\" style=\"width: 799.99px; padding-right: calc(var(--bs-gutter-x) * 0.5); padding-left: calc(var(--bs-gutter-x) * 0.5); margin-top: var(--bs-gutter-y);\"><div>Lorem ipsum dolor sit amet, consectetur adipiscing elit, sed do eiusmodt tempor incididunt ut labore et dolore magna aliqua. Quis ipsum vcdisse ultrices gravida. Risus commodo viverra maecenas accumsan lacus Lorem ipsum dolor sit amet, consectetur adipiscing elit,</div><div>sed do eiusmod tempor incididunt ut labore et dolore magna aliqua. Quis ipsum suspendisse ultrices gravida. Risus commodo viverra maecenas accumsan lacus vel facilisis.</div></div></div><div>Shank porchetta anim ham in esse. Duis swine mollit incididunt, quis pork belly rump ut ball tip venison strip steak pancetta proident. Ground roun duis beef, eu sunt non dolor esse capicola shoulder strip steak. Ut fatback chuck minim exercitation kielbasa. Cupidatat nostrud prosciutto corned beefdgf meatball sausage lorem.Ground round jowl pig, short ribs turducken cillum labore aliqua bacon ea doner anim esse. Jerky laboris id, fatback ut gfjb Filet mignon corned beef laboris ipsum porchetta beef irure dolor fatback. Pariatur cupim occaecat short ribs</div></div>','1.jpg','2022-11-04 18:30:51.131000','2022-11-05 21:14:07.775000',_binary '',_binary '',4,59,2,2,3,2,1,16,25,4.7,0,6,3),(3,'White short Flower','White-short-Flower','<div><span style=\"color: rgb(96, 96, 96); font-family: Poppins, sans-serif; display: inline !important;\">Lorem ipsum dolor sit amet consectetur adipisicing elit. Quae rerum eveniet esse modi nemo mollitia. Vitae adipisci ab nulla sequi fuga saepe harum placeat voluptatibus ea quam, assumenda illum natus.</span><br></div>','<div><div>Shank porchetta anim ham in esse. Duis swine mollit incididunt, quis pork belly rump ut ball tip venison strip steak pancetta proident. Ground roun duis beef, eu sunt non dolor esse capicola shoulder strip steak. Ut fatback chuck minim exercitation kielbasa. Cupidatat nostrud prosciutto corned beefdgf meatball sausage lorem.Ground round jowl pig, short ribs turducken cillum labore aliqua bacon ea doner anim esse. Jerky laboris id, fatback ut gfjb Filet mignon corned beef laboris ipsum porchetta beef irure dolor fatback. Pariatur cupim occaecat short ribs</div><div>consectetur, venison ipsum flank hamburger bacon tri-tip. Eu duis est cupidatat prosciutto alcatra, consectetur aute velit shoulder shankle ham ho Cillum deserunt velit dolor, beef ribs excepteur hamburger flank occaecat. Qui dolor flank picanha t-bone lorem</div><div class=\"row\" style=\"--bs-gutter-x:1.5rem; --bs-gutter-y:0; margin-top: calc(-1 * var(--bs-gutter-y)); margin-right: calc(-0.5 * var(--bs-gutter-x)); margin-left: calc(-0.5 * var(--bs-gutter-x)); color: rgb(33, 37, 41); font-family: Poppins, sans-serif;\"><div class=\"col-lg-4 col-md-6\" style=\"width: 399.99px; padding-right: calc(var(--bs-gutter-x) * 0.5); padding-left: calc(var(--bs-gutter-x) * 0.5); margin-top: var(--bs-gutter-y);\"><div class=\"part-img\" style=\"padding-top: 6px; padding-bottom: 24px;\"><img src=\"https://revelecommerce.codebasket.net/assets/images/product-dscr-img.jpg\" alt=\"Image\"></div></div><div class=\"col-lg-8 col-md-6\" style=\"width: 799.99px; padding-right: calc(var(--bs-gutter-x) * 0.5); padding-left: calc(var(--bs-gutter-x) * 0.5); margin-top: var(--bs-gutter-y);\"><div>Lorem ipsum dolor sit amet, consectetur adipiscing elit, sed do eiusmodt tempor incididunt ut labore et dolore magna aliqua. Quis ipsum vcdisse ultrices gravida. Risus commodo viverra maecenas accumsan lacus Lorem ipsum dolor sit amet, consectetur adipiscing elit,</div><div>sed do eiusmod tempor incididunt ut labore et dolore magna aliqua. Quis ipsum suspendisse ultrices gravida. Risus commodo viverra maecenas accumsan lacus vel facilisis.</div></div></div><div>Shank porchetta anim ham in esse. Duis swine mollit incididunt, quis pork belly rump ut ball tip venison strip steak pancetta proident. Ground roun duis beef, eu sunt non dolor esse capicola shoulder strip steak. Ut fatback chuck minim exercitation kielbasa. Cupidatat nostrud prosciutto corned beefdgf meatball sausage lorem.Ground round jowl pig, short ribs turducken cillum labore aliqua bacon ea doner anim esse. Jerky laboris id, fatback ut gfjb Filet mignon corned beef laboris ipsum porchetta beef irure dolor fatback. Pariatur cupim occaecat short ribs</div></div>','flash-deal-3.jpg','2022-11-04 18:34:17.751000','2022-11-07 14:20:26.708000',_binary '',_binary '',5,235,50,2,1,3,3,11,23,3,2,5,3),(5,'Women\'s handbag, crossbody bag MIRRO','Women\'s-handbag,-crossbody-bag-MIRRO','<div>Lorem ipsum dolor sit amet consectetur adipisicing elit. Quae rerum eveniet esse modi nemo mollitia. Vitae adipisci ab nulla sequi fuga saepe harum placeat voluptatibus ea quam, assumenda illum natus.</div>','<div><div>Shank porchetta anim ham in esse. Duis swine mollit incididunt, quis pork belly rump ut ball tip venison strip steak pancetta proident. Ground roun duis beef, eu sunt non dolor esse capicola shoulder strip steak. Ut fatback chuck minim exercitation kielbasa. Cupidatat nostrud prosciutto corned beefdgf meatball sausage lorem.Ground round jowl pig, short ribs turducken cillum labore aliqua bacon ea doner anim esse. Jerky laboris id, fatback ut gfjb Filet mignon corned beef laboris ipsum porchetta beef irure dolor fatback. Pariatur cupim occaecat short ribs</div><div>consectetur, venison ipsum flank hamburger bacon tri-tip. Eu duis est cupidatat prosciutto alcatra, consectetur aute velit shoulder shankle ham ho Cillum deserunt velit dolor, beef ribs excepteur hamburger flank occaecat. Qui dolor flank picanha t-bone lorem</div><div class=\"row\" style=\"--bs-gutter-x:1.5rem; --bs-gutter-y:0; margin-top: calc(-1 * var(--bs-gutter-y)); margin-right: calc(-0.5 * var(--bs-gutter-x)); margin-left: calc(-0.5 * var(--bs-gutter-x)); color: rgb(33, 37, 41); font-family: Poppins, sans-serif;\"><div class=\"col-lg-4 col-md-6\" style=\"width: 399.99px; padding-right: calc(var(--bs-gutter-x) * 0.5); padding-left: calc(var(--bs-gutter-x) * 0.5); margin-top: var(--bs-gutter-y);\"><div class=\"part-img\" style=\"padding-top: 6px; padding-bottom: 24px;\"><img src=\"https://revelecommerce.codebasket.net/assets/images/product-dscr-img.jpg\" alt=\"Image\"></div></div><div class=\"col-lg-8 col-md-6\" style=\"width: 799.99px; padding-right: calc(var(--bs-gutter-x) * 0.5); padding-left: calc(var(--bs-gutter-x) * 0.5); margin-top: var(--bs-gutter-y);\"><div>Lorem ipsum dolor sit amet, consectetur adipiscing elit, sed do eiusmodt tempor incididunt ut labore et dolore magna aliqua. Quis ipsum vcdisse ultrices gravida. Risus commodo viverra maecenas accumsan lacus Lorem ipsum dolor sit amet, consectetur adipiscing elit,</div><div>sed do eiusmod tempor incididunt ut labore et dolore magna aliqua. Quis ipsum suspendisse ultrices gravida. Risus commodo viverra maecenas accumsan lacus vel facilisis.</div></div></div><div>Shank porchetta anim ham in esse. Duis swine mollit incididunt, quis pork belly rump ut ball tip venison strip steak pancetta proident. Ground roun duis beef, eu sunt non dolor esse capicola shoulder strip steak. Ut fatback chuck minim exercitation kielbasa. Cupidatat nostrud prosciutto corned beefdgf meatball sausage lorem.Ground round jowl pig, short ribs turducken cillum labore aliqua bacon ea doner anim esse. Jerky laboris id, fatback ut gfjb Filet mignon corned beef laboris ipsum porchetta beef irure dolor fatback. Pariatur cupim occaecat short ribs</div></div>','1.jpg','2022-11-04 18:38:23.970000','2022-11-05 21:05:37.510000',_binary '',_binary '',3,99,25,3,2,4,3,17,24,4,1,6,3),(6,'Apple iPhone 12','Apple-iPhone-11','<div><span style=\"color: rgb(96, 96, 96); font-family: Poppins, sans-serif; display: inline !important;\">Lorem ipsum dolor sit amet consectetur adipisicing elit. Quae rerum eveniet esse modi nemo mollitia. Vitae adipisci ab nulla sequi fuga saepe harum placeat voluptatibus ea quam, assumenda illum natus.</span><br></div>','<div><div>Shank porchetta anim ham in esse. Duis swine mollit incididunt, quis pork belly rump ut ball tip venison strip steak pancetta proident. Ground roun duis beef, eu sunt non dolor esse capicola shoulder strip steak. Ut fatback chuck minim exercitation kielbasa. Cupidatat nostrud prosciutto corned beefdgf meatball sausage lorem.Ground round jowl pig, short ribs turducken cillum labore aliqua bacon ea doner anim esse. Jerky laboris id, fatback ut gfjb Filet mignon corned beef laboris ipsum porchetta beef irure dolor fatback. Pariatur cupim occaecat short ribs</div><div>consectetur, venison ipsum flank hamburger bacon tri-tip. Eu duis est cupidatat prosciutto alcatra, consectetur aute velit shoulder shankle ham ho Cillum deserunt velit dolor, beef ribs excepteur hamburger flank occaecat. Qui dolor flank picanha t-bone lorem</div><div class=\"row\" style=\"--bs-gutter-x:1.5rem; --bs-gutter-y:0; margin-top: calc(-1 * var(--bs-gutter-y)); margin-right: calc(-0.5 * var(--bs-gutter-x)); margin-left: calc(-0.5 * var(--bs-gutter-x)); color: rgb(33, 37, 41); font-family: Poppins, sans-serif;\"><div class=\"col-lg-4 col-md-6\" style=\"width: 399.99px; padding-right: calc(var(--bs-gutter-x) * 0.5); padding-left: calc(var(--bs-gutter-x) * 0.5); margin-top: var(--bs-gutter-y);\"><div class=\"part-img\" style=\"padding-top: 6px; padding-bottom: 24px;\"><img src=\"https://revelecommerce.codebasket.net/assets/images/product-dscr-img.jpg\" alt=\"Image\"></div></div><div class=\"col-lg-8 col-md-6\" style=\"width: 799.99px; padding-right: calc(var(--bs-gutter-x) * 0.5); padding-left: calc(var(--bs-gutter-x) * 0.5); margin-top: var(--bs-gutter-y);\"><div>Lorem ipsum dolor sit amet, consectetur adipiscing elit, sed do eiusmodt tempor incididunt ut labore et dolore magna aliqua. Quis ipsum vcdisse ultrices gravida. Risus commodo viverra maecenas accumsan lacus Lorem ipsum dolor sit amet, consectetur adipiscing elit,</div><div>sed do eiusmod tempor incididunt ut labore et dolore magna aliqua. Quis ipsum suspendisse ultrices gravida. Risus commodo viverra maecenas accumsan lacus vel facilisis.</div></div></div><div>Shank porchetta anim ham in esse. Duis swine mollit incididunt, quis pork belly rump ut ball tip venison strip steak pancetta proident. Ground roun duis beef, eu sunt non dolor esse capicola shoulder strip steak. Ut fatback chuck minim exercitation kielbasa. Cupidatat nostrud prosciutto corned beefdgf meatball sausage lorem.Ground round jowl pig, short ribs turducken cillum labore aliqua bacon ea doner anim esse. Jerky laboris id, fatback ut gfjb Filet mignon corned beef laboris ipsum porchetta beef irure dolor fatback. Pariatur cupim occaecat short ribs</div></div>','1.jpg','2022-11-04 18:40:29.205000','2022-11-16 14:23:39.208000',_binary '',_binary '',5,123,4,2,3,1,2,8,29,3.5,2,6,3),(7,'EVA Women\'s Sandals 2','EVA-Women\'s-Sandals-2','<span style=\"color: rgb(96, 96, 96); font-family: Poppins, sans-serif; display: inline !important;\">Lorem ipsum dolor sit amet consectetur adipisicing elit. Quae rerum eveniet esse modi nemo mollitia. Vitae adipisci ab nulla sequi fuga saepe harum placeat voluptatibus ea quam, assumenda illum natus.</span><br>','<div>Shank porchetta anim ham in esse. Duis swine mollit incididunt, quis pork belly rump ut ball tip venison strip steak pancetta proident. Ground roun duis beef, eu sunt non dolor esse capicola shoulder strip steak. Ut fatback chuck minim exercitation kielbasa. Cupidatat nostrud prosciutto corned beefdgf meatball sausage lorem.Ground round jowl pig, short ribs turducken cillum labore aliqua bacon ea doner anim esse. Jerky laboris id, fatback ut gfjb Filet mignon corned beef laboris ipsum porchetta beef irure dolor fatback. Pariatur cupim occaecat short ribs</div><div>consectetur, venison ipsum flank hamburger bacon tri-tip. Eu duis est cupidatat prosciutto alcatra, consectetur aute velit shoulder shankle ham ho Cillum deserunt velit dolor, beef ribs excepteur hamburger flank occaecat. Qui dolor flank picanha t-bone lorem</div><div class=\"row\" style=\"--bs-gutter-x:1.5rem; --bs-gutter-y:0; margin-top: calc(-1 * var(--bs-gutter-y)); margin-right: calc(-0.5 * var(--bs-gutter-x)); margin-left: calc(-0.5 * var(--bs-gutter-x)); color: rgb(33, 37, 41); font-family: Poppins, sans-serif;\"><div class=\"col-lg-4 col-md-6\" style=\"width: 399.99px; padding-right: calc(var(--bs-gutter-x) * 0.5); padding-left: calc(var(--bs-gutter-x) * 0.5); margin-top: var(--bs-gutter-y);\"><div class=\"part-img\" style=\"padding-top: 6px; padding-bottom: 24px;\"><img src=\"https://revelecommerce.codebasket.net/assets/images/product-dscr-img.jpg\" alt=\"Image\"></div></div><div class=\"col-lg-8 col-md-6\" style=\"width: 799.99px; padding-right: calc(var(--bs-gutter-x) * 0.5); padding-left: calc(var(--bs-gutter-x) * 0.5); margin-top: var(--bs-gutter-y);\"><div>Lorem ipsum dolor sit amet, consectetur adipiscing elit, sed do eiusmodt tempor incididunt ut labore et dolore magna aliqua. Quis ipsum vcdisse ultrices gravida. Risus commodo viverra maecenas accumsan lacus Lorem ipsum dolor sit amet, consectetur adipiscing elit,</div><div>sed do eiusmod tempor incididunt ut labore et dolore magna aliqua. Quis ipsum suspendisse ultrices gravida. Risus commodo viverra maecenas accumsan lacus vel facilisis.</div></div></div><div>Shank porchetta anim ham in esse. Duis swine mollit incididunt, quis pork belly rump ut ball tip venison strip steak pancetta proident. Ground roun duis beef, eu sunt non dolor esse capicola shoulder strip steak. Ut fatback chuck minim exercitation kielbasa. Cupidatat nostrud prosciutto corned beefdgf meatball sausage lorem.Ground round jowl pig, short ribs turducken cillum labore aliqua bacon ea doner anim esse. Jerky laboris id, fatback ut gfjb Filet mignon corned beef laboris ipsum porchetta beef irure dolor fatback. Pariatur cupim occaecat short ribs</div>','6a6ada1a3955b30e4fbe6c2aa136c4a2_tn.jpg','2022-11-04 18:44:42.374000','2022-11-07 14:24:49.242000',_binary '',_binary '',3,1414,50,2,2,2,2,14,21,2,1,6,3),(12,'Sceptre 25\" Gaming Monitor','Sceptre-25\"-Gaming-Monitor','<div><span style=\"color: rgb(15, 17, 17); font-family: &quot;Amazon Ember&quot;, Arial, sans-serif; font-size: 14px; display: inline !important;\">Products with electrical plugs are designed for use in the US. Outlets and voltage differ internationally and this product may require an adapter or converter for use in your destination. Please check compatibility before purchasing.</span><br></div>','<div><ul class=\"a-unordered-list a-vertical a-spacing-mini\" style=\"margin: 0px 0px 0px 18px; color: rgb(15, 17, 17); font-family: &quot;Amazon Ember&quot;, Arial, sans-serif; font-size: 14px;\"><li style=\"list-style: disc; overflow-wrap: break-word; margin: 0px;\"><span class=\"a-list-item\">up to 165Hz Refresh Rate: Stay above the pack with 165Hz, giving you an edge in performance as frames transition instantly.Max. brightness 220cd/m²</span></li><li style=\"list-style: disc; overflow-wrap: break-word; margin: 0px;\"><span class=\"a-list-item\">1MS Response Time: Colors fade and illuminate instantly with a 1ms response time, eliminating ghosting and piecing together precise imagery during action-packed scenes and gaming.</span></li><li style=\"list-style: disc; overflow-wrap: break-word; margin: 0px;\"><span class=\"a-list-item\">AMD Freesync Premium: With AMD FreeSync, gamers enjoy smooth video &amp; seamless on the spot movement in fast-paced games.The graphic card and monitor refresh rates are synchronized to eliminate tearing and stuttering.</span></li><li style=\"list-style: disc; overflow-wrap: break-word; margin: 0px;\"><span class=\"a-list-item\">106% sRGB: With 106% sRGB, this monitor offers a wider color gamut than most conventional monitors, giving deeper colors and defining features.</span></li><li style=\"list-style: disc; overflow-wrap: break-word; margin: 0px;\"><span class=\"a-list-item\">300 Lux Brightness: Stunning and vivid colors illuminate the screen like never before with 300 cd/m² brightness.</span></li></ul></div>','1.jpg','2022-11-10 10:48:23.145000','2022-11-10 10:48:23.145000',_binary '',_binary '',2,369,50,2,1,2,2,13,40,2.5,2,1,3),(13,'It Ends with Us: A Novel','It-Ends-with-Us:-A-Novel','<div><span class=\"a-text-bold\" style=\"color: rgb(15, 17, 17); font-family: &quot;Amazon Ember&quot;, Arial, sans-serif; font-size: 14px; font-weight: 700 !important;\">From the #1&nbsp;</span><span class=\"a-text-bold a-text-italic\" style=\"color: rgb(15, 17, 17); font-family: &quot;Amazon Ember&quot;, Arial, sans-serif; font-size: 14px; font-weight: 700 !important; font-style: italic !important;\">New York Times</span><span class=\"a-text-bold\" style=\"color: rgb(15, 17, 17); font-family: &quot;Amazon Ember&quot;, Arial, sans-serif; font-size: 14px; font-weight: 700 !important;\">&nbsp;bestselling author of&nbsp;</span><span class=\"a-text-bold a-text-italic\" style=\"color: rgb(15, 17, 17); font-family: &quot;Amazon Ember&quot;, Arial, sans-serif; font-size: 14px; font-weight: 700 !important; font-style: italic !important;\">It Starts with Us&nbsp;</span><span class=\"a-text-bold\" style=\"color: rgb(15, 17, 17); font-family: &quot;Amazon Ember&quot;, Arial, sans-serif; font-size: 14px; font-weight: 700 !important;\">and&nbsp;</span><span class=\"a-text-bold a-text-italic\" style=\"color: rgb(15, 17, 17); font-family: &quot;Amazon Ember&quot;, Arial, sans-serif; font-size: 14px; font-weight: 700 !important; font-style: italic !important;\">All Your Perfects</span><span class=\"a-text-bold\" style=\"color: rgb(15, 17, 17); font-family: &quot;Amazon Ember&quot;, Arial, sans-serif; font-size: 14px; font-weight: 700 !important;\">, a</span><span class=\"a-text-bold\" style=\"color: rgb(15, 17, 17); font-family: &quot;Amazon Ember&quot;, Arial, sans-serif; font-size: 14px; font-weight: 700 !important;\">&nbsp;“brave and heartbreaking novel that digs its claws into you and doesn’t let go, long after you’ve finished it” (Anna Todd,&nbsp;</span><span class=\"a-text-bold a-text-italic\" style=\"color: rgb(15, 17, 17); font-family: &quot;Amazon Ember&quot;, Arial, sans-serif; font-size: 14px; font-weight: 700 !important; font-style: italic !important;\">New York Times</span><span class=\"a-text-bold\" style=\"color: rgb(15, 17, 17); font-family: &quot;Amazon Ember&quot;, Arial, sans-serif; font-size: 14px; font-weight: 700 !important;\">&nbsp;bestselling author) about a workaholic with a too-good-to-be-true romance can’t stop thinking about her first love.</span><br></div>','<div><span style=\"color: rgb(15, 17, 17); font-family: &quot;Amazon Ember&quot;, Arial, sans-serif; font-size: 14px; display: inline !important;\">Lily hasn’t always had it easy, but that’s never stopped her from working hard for the life she wants. She’s come a long way from the small town where she grew up—she graduated from college, moved to Boston, and started her own business. And when she feels a spark with a gorgeous neurosurgeon named Ryle Kincaid, everything in Lily’s life seems too good to be true.</span><br style=\"color: rgb(15, 17, 17); font-family: &quot;Amazon Ember&quot;, Arial, sans-serif; font-size: 14px;\"><br style=\"color: rgb(15, 17, 17); font-family: &quot;Amazon Ember&quot;, Arial, sans-serif; font-size: 14px;\"><span style=\"color: rgb(15, 17, 17); font-family: &quot;Amazon Ember&quot;, Arial, sans-serif; font-size: 14px; display: inline !important;\">Ryle is assertive, stubborn, maybe even a little arrogant. He’s also sensitive, brilliant, and has a total soft spot for Lily. And the way he looks in scrubs certainly doesn’t hurt. Lily can’t get him out of her head. But Ryle’s complete aversion to relationships is disturbing. Even as Lily finds herself becoming the exception to his “no dating” rule, she can’t help but wonder what made him that way in the first place.</span><br></div>','1.jpg','2022-11-10 10:54:12.850000','2022-11-10 11:00:30.909000',_binary '',_binary '',4,389,25,3,2,3,3,11,23,0,0,6,3),(14,'Withings ScanWatch','Withings-ScanWatch','<div><ul class=\"a-unordered-list a-vertical a-spacing-mini\" style=\"margin: 0px 0px 0px 18px; color: rgb(15, 17, 17); font-family: &quot;Amazon Ember&quot;, Arial, sans-serif; font-size: 14px;\"><li style=\"list-style: disc; overflow-wrap: break-word; margin: 0px;\"><span class=\"a-list-item\">ELECTROCARDIOGRAM* — Detect atrial fibrillation or normal heart rhythm in just 30 seconds via ECG.</span></li><li style=\"list-style: disc; overflow-wrap: break-word; margin: 0px;\"><span class=\"a-list-item\">WRIST-BASED OXIMETRY — Provides on demand clinically validated oxygen saturation level (SpO2) in just 30 seconds.</span></li><li style=\"list-style: disc; overflow-wrap: break-word; margin: 0px;\"><span class=\"a-list-item\">HEART RATE TRACKING — Track heart rate continuously during workouts to optimize training, and monitor daily and overnight heart rate to help improve health over time</span></li><li style=\"list-style: disc; overflow-wrap: break-word; margin: 0px;\"><span class=\"a-list-item\">RESPIRATORY WELLNESS SCAN — track breathing issues during the night.</span></li></ul></div>','<div><ul class=\"a-unordered-list a-vertical a-spacing-mini\" style=\"margin: 0px 0px 0px 18px; color: rgb(15, 17, 17); font-family: &quot;Amazon Ember&quot;, Arial, sans-serif; font-size: 14px;\"><li style=\"list-style: disc; overflow-wrap: break-word; margin: 0px;\"><span class=\"a-list-item\">SLEEP TRACKING — Delivers a Sleep Score based on light and deep sleep cycles, sleep duration &amp; wake-ups.</span></li><li style=\"list-style: disc; overflow-wrap: break-word; margin: 0px;\"><span class=\"a-list-item\">24/7 ACTIVITY TRACKING — Dedicated workout metrics, Fitness Level via VO₂max estimation, connected GPS, elevation and water resistance to 100 meters.</span></li><li style=\"list-style: disc; overflow-wrap: break-word; margin: 0px;\"><span class=\"a-list-item\">DURABLE LUXURY — This limited edition comes with a 5 year warranty and features a stainless steel case, rotating bezel, stainless steel indexes and brass hands with luminous coating and a flat sapphire glass with anti-reflection coating. It also has a combined heart rate and SpO2 sensor, 3 electrodes, an altimeter, a PMOLED screen, and a rechargeable battery that lasts up to 30 days.</span></li></ul><div class=\"a-row a-expander-container a-expander-inline-container\" style=\"width: 386.625px; color: rgb(15, 17, 17); font-family: &quot;Amazon Ember&quot;, Arial, sans-serif; font-size: 14px;\"><div aria-expanded=\"true\" class=\"a-expander-content a-expander-extend-content a-expander-content-expanded\" style=\"overflow: hidden;\"><ul class=\"a-unordered-list a-vertical a-spacing-none\" style=\"margin: 0px 0px 0px 18px;\"><li style=\"list-style: disc; overflow-wrap: break-word; margin: 0px;\"><span class=\"a-list-item\">AUTOMATIC DATA SYNC - ScanWatch seamlessly syncs with the free Health Mate app via Bluetooth. Works with Alexa, Apple Health, Google Fit, Strava and 100+ top health and fitness apps</span></li><li style=\"list-style: disc; overflow-wrap: break-word; margin: 0px;\"><span class=\"a-list-item\">SWAPPABLE WRISTBANDS - This limited edition comes with an Oyster Metal Link stainless steel wristband and an additional fluoroelastomer (FKM) wristband. You will also find a band toolkit with instructions on how to adjust the size of your metal link wristband. You can easily swap between wristbands thanks to the quick release spring bars.</span></li><li style=\"list-style: disc; overflow-wrap: break-word; margin: 0px;\"><span class=\"a-list-item\">* For US users: under the care of a physician. ECG requires a free in-app activation process. ECG is not intended for use by people under 22 years old.</span></li></ul></div></div></div>','1.jpg','2022-11-10 11:12:27.862000','2022-11-10 11:12:27.862000',_binary '',_binary '',2,399,50,3,5,3,3,14,43,4,1,4,3),(15,'Etekcity Smart WiFi Body Fat Scale','Etekcity-Smart-WiFi-Body-Fat-Scale','<div><div id=\"title_feature_div\" class=\"celwidget\" data-feature-name=\"title\" data-csa-c-type=\"widget\" data-csa-c-content-id=\"title\" data-csa-c-slot-id=\"title_feature_div\" data-csa-c-asin=\"B09HCJD6H1\" data-csa-c-is-in-initial-active-row=\"false\" data-csa-c-id=\"oeb9bk-flsy19-milnm5-qfpmz6\" data-cel-widget=\"title_feature_div\" style=\"color: rgb(15, 17, 17); font-family: &quot;Amazon Ember&quot;, Arial, sans-serif; font-size: 14px;\"><div id=\"titleSection\" class=\"a-section a-spacing-none\" style=\"margin-bottom: 0px;\"><h1 id=\"title\" class=\"a-size-large a-spacing-none\" style=\"padding: 0px; margin-right: 0px; margin-left: 0px; text-rendering: optimizelegibility; margin-bottom: 0px !important; font-size: 24px !important; line-height: 32px !important;\"><span id=\"productTitle\" class=\"a-size-large product-title-word-break\" style=\"text-rendering: optimizelegibility; word-break: break-word; line-height: 32px !important;\">Etekcity Smart WiFi Body Fat Scale, FSA HSA Approved Accurate Digital Bluetooth Scale for Body Weight, Plus Health Compositon BMI, Water, Pregnancy &amp; Baby Mode, 400 lb</span></h1><div><span class=\"a-size-large product-title-word-break\" style=\"text-rendering: optimizelegibility; word-break: break-word; line-height: 32px !important;\"><br></span></div></div></div><div id=\"bylineInfo_feature_div\" class=\"celwidget\" data-feature-name=\"bylineInfo\" data-csa-c-type=\"widget\" data-csa-c-content-id=\"bylineInfo\" data-csa-c-slot-id=\"bylineInfo_feature_div\" data-csa-c-asin=\"B09HCJD6H1\" data-csa-c-is-in-initial-active-row=\"false\" data-csa-c-id=\"3wwi66-5lgc5o-rscbgj-3cyps7\" data-cel-widget=\"bylineInfo_feature_div\" style=\"color: rgb(15, 17, 17); font-family: &quot;Amazon Ember&quot;, Arial, sans-serif; font-size: 14px;\"></div></div>','<div><ul class=\"a-unordered-list a-vertical a-spacing-mini\" style=\"margin: 0px 0px 0px 18px; color: rgb(15, 17, 17); font-family: &quot;Amazon Ember&quot;, Arial, sans-serif; font-size: 14px;\"><li style=\"list-style: disc; overflow-wrap: break-word; margin: 0px;\"><span class=\"a-list-item\">FSA / HSA eligible</span></li><li style=\"list-style: disc; overflow-wrap: break-word; margin: 0px;\"><span class=\"a-list-item\">FIRST-RATE QUALITY: Don\'t settle for less. As the selling brand of body weight scales in the US, Etekcity is known for innovative and high-performing products. Source: Stackline/Retail Intelligence, U.S. Amazon Data Market Share, February 2019-2021</span></li><li style=\"list-style: disc; overflow-wrap: break-word; margin: 0px;\"><span class=\"a-list-item\">FULL BIOMETRIC ANALYSIS: Getting thinner but not losing any weight. This is due to muscle gain and fat loss. A conventional scale won\'t show you that, but The Apex scale will. View 14 biometric measurements, including heart rate, with Etekcity Apex scale</span></li><li style=\"list-style: disc; overflow-wrap: break-word; margin: 0px;\"><span class=\"a-list-item\">FUN, INTERACTIVE DISPLAY: Unlike conventional scales, this display allows you to track progress and provides fun, interactive messages even without having to get your phone. The measurements will automatically sync to the VeSync app via wifi connection</span></li><li style=\"list-style: disc; overflow-wrap: break-word; margin: 0px;\"><span class=\"a-list-item\">JUST ASK ALEXA: \"Alexa, ask VeSync how much weight I have lost this month.\" Keep the motivation going with hands-free voice control</span></li><li style=\"list-style: disc; overflow-wrap: break-word; margin: 0px;\"><span class=\"a-list-item\">IMMERSIVE APP EXPERIENCE: Set goals and track your progress with data graphs, sync information with Apple Health, Google Fit, FitBit, MyFitnessPal, and Samsung Health. Rest assured, VeSync will not share your personal information with any third parties</span></li><li style=\"list-style: disc; overflow-wrap: break-word; margin: 0px;\"><span class=\"a-list-item\">CONSISTENT ACCURACY: Upgraded with ITO-coating for accurate results, the Apex scale guides your feet to the right place, so you don\'t have to guess anymore</span></li></ul><div class=\"a-row a-expander-container a-expander-inline-container\" style=\"width: 547.406px; color: rgb(15, 17, 17); font-family: &quot;Amazon Ember&quot;, Arial, sans-serif; font-size: 14px;\"><div aria-expanded=\"true\" class=\"a-expander-content a-expander-extend-content a-expander-content-expanded\" style=\"overflow: hidden;\"><ul class=\"a-unordered-list a-vertical a-spacing-none\" style=\"margin: 0px 0px 0px 18px;\"><li style=\"list-style: disc; overflow-wrap: break-word; margin: 0px;\"><span class=\"a-list-item\">ONE SCALE FOR THE WHOLE FAMILY: Use Zero-Current Mode to safely measure weight and BMI during pregnancy, while Baby Mode helps track baby or pet\'s growth. With unlimited user profiles for family and friends, this scale is designed with everyone in mind</span></li><li style=\"list-style: disc; overflow-wrap: break-word; margin: 0px;\"><span class=\"a-list-item\">THOUGHTFULLY DESIGNED: No batteries needed Used an average of 3x per day, the scale can last up to 6 months on a single charge. Additionally, the scale\'s arched structure provides long-lasting durability and core stability</span></li></ul></div></div></div>','1.jpg','2022-11-10 11:16:54.340000','2022-11-10 11:16:54.340000',_binary '',_binary '',5,799,25,3,4,3,4,15,18,2,1,3,3),(16,'Hudson Baby Girls\' Cotton Dress and Cardigan Set','Hudson-Baby-Girls\'-Cotton-Dress-and-Cardigan-Set','<div><h3 class=\"a-spacing-small\" style=\"padding: 0px; margin-right: 0px; margin-left: 0px; text-rendering: optimizelegibility; font-weight: bold; font-size: 17px; line-height: 1.255; font-family: &quot;Amazon Ember&quot;, Arial, sans-serif; color: rgb(15, 17, 17); margin-bottom: 10px !important;\">Hudson Baby product offering is designed to be fashion forward and made with superior fabrics to maximize your little one\'s comfort</h3></div>','<div><div class=\"celwidget aplus-module module-4 aplus-standard\" cel_widget_id=\"aplus-module-4\" data-csa-c-id=\"5lq3zn-w9whan-991fun-3vmmy9\" data-cel-widget=\"aplus-module-4\" style=\"min-width: 979px; padding-bottom: 12px; margin-bottom: 12px; color: rgb(15, 17, 17); font-family: &quot;Amazon Ember&quot;, Arial, sans-serif; font-size: 14px;\"><div data-a-expander-name=\"aplus-module-expander\" data-a-expander-collapsed-height=\"700\" class=\"a-expander-collapsed-height a-row a-expander-container a-expander-partial-collapse-container\" style=\"width: 1263.33px; overflow: hidden; position: relative; max-height: 700px;\"><div aria-expanded=\"false\" class=\"a-expander-content a-expander-partial-collapse-content\" style=\"overflow: hidden; position: relative;\"><div class=\"aplus-module-wrapper apm-fixed-width\" style=\"text-align: inherit; margin-right: auto; margin-left: auto; width: 969px;\"><div class=\"apm-spacing\"><div class=\"apm-floatleft apm-fixed-width\" style=\"width: 969px; float: left;\"><div class=\"apm-spacing\"><table class=\"apm-fixed-width apm-fourthcol-table\" style=\"width: 969px; margin-bottom: 0px !important;\"><tbody><tr><td class=\"apm-top\" style=\"vertical-align: top; padding: 3px 3px 0px 0px; height: 177.667px;\"><div class=\"apm-fourthcol\" style=\"width: 220px; float: left;\"><h4 class=\"a-spacing-mini\" style=\"padding: 0px; margin-right: 0px; margin-left: 0px; text-rendering: optimizelegibility; font-size: 17px; line-height: 1.255; font-family: inherit; margin-bottom: 6px !important;\">Hudson Baby Boy 5-Pack Bodysuit, Perfect Gentleman</h4><div>Made with 100% cotton and features fun dress me up designs.</div></div></td><td class=\"apm-top\" style=\"vertical-align: top; padding: 3px 3px 0px; height: 177.667px;\"><div class=\"apm-fourthcol\" style=\"width: 220px; float: left;\"><h4 class=\"a-spacing-mini\" style=\"padding: 0px; margin-right: 0px; margin-left: 0px; text-rendering: optimizelegibility; font-size: 17px; line-height: 1.255; font-family: inherit; margin-bottom: 6px !important;\">Hudson Baby Girl Animal Hooded Towel, Pretty Elephant</h4><div>Made with 100% cotton and features a 3D animal face on hood.</div></div></td><td class=\"apm-top\" style=\"vertical-align: top; padding: 3px 3px 0px; height: 177.667px;\"><div class=\"apm-fourthcol\" style=\"width: 220px; float: left;\"><h4 class=\"a-spacing-mini\" style=\"padding: 0px; margin-right: 0px; margin-left: 0px; text-rendering: optimizelegibility; font-size: 17px; line-height: 1.255; font-family: inherit; margin-bottom: 6px !important;\">Hudson Baby 8-Pack Boy Socks, Forest</h4><div>Made with cotton, polyester, nylon and spandex and features cute patterns, prints and solids on every sock.</div></div></td><td class=\"apm-top\" style=\"vertical-align: top; padding: 3px 0px 0px 3px; height: 177.667px;\"><div class=\"apm-fourthcol\" style=\"width: 220px; float: left;\"><h4 class=\"a-spacing-mini\" style=\"padding: 0px; margin-right: 0px; margin-left: 0px; text-rendering: optimizelegibility; font-size: 17px; line-height: 1.255; font-family: inherit; margin-bottom: 6px !important;\">Hudson Baby - Delivering Comfort &amp; Cuteness</h4><div>Our collection of baby clothing, accessories, bedding, bath towels, bibs, footwear and giftsets are the best in baby essentials. We understand what babies need and work everyday to develop more essentials so parents and caregivers can focus on their little ones.</div></div></td></tr></tbody></table><br></div></div></div></div><div style=\"clear: both;\"></div></div></div></div><div class=\"celwidget aplus-module module-5 aplus-standard\" cel_widget_id=\"aplus-module-5\" data-csa-c-id=\"yrdzdp-cjbmfa-98xuxu-gffzbn\" data-cel-widget=\"aplus-module-5\" style=\"min-width: 979px; color: rgb(15, 17, 17); font-family: &quot;Amazon Ember&quot;, Arial, sans-serif; font-size: 14px;\"><div class=\"aplus-module-wrapper apm-fixed-width\" style=\"text-align: inherit; margin-right: auto; margin-left: auto; width: 969px;\"><div class=\"apm-spacing aplus-module-content\"><div class=\"apm-tablemodule\" style=\"margin: 0px auto; width: 970px; display: table;\"></div></div></div></div></div>','1.jpg','2022-11-10 11:22:47.320000','2022-11-10 11:22:47.320000',_binary '',_binary '',5,99,50,3,2,4,3,15,25,4.5,2,5,3),(17,'Fitbit Sense 2 Advanced Health','Fitbit-Sense-2-Advanced-Health','<div><h1 id=\"title\" class=\"a-size-large a-spacing-none\" style=\"padding: 0px; margin-right: 0px; margin-left: 0px; text-rendering: optimizelegibility; color: rgb(15, 17, 17); font-family: &quot;Amazon Ember&quot;, Arial, sans-serif; margin-bottom: 0px !important; font-size: 24px !important; line-height: 32px !important;\"><span id=\"productTitle\" class=\"a-size-large product-title-word-break\" style=\"text-rendering: optimizelegibility; word-break: break-word; line-height: 32px !important;\">Fitbit Sense 2 Advanced Health and Fitness Smartwatch with Tools to Manage Stress and Sleep, ECG App, SpO2, 24/7 Heart Rate and GPS, Shadow Grey/Graphite, One Size (S &amp; L Bands Included)</span></h1></div>','<div><ul class=\"a-unordered-list a-vertical a-spacing-mini\" style=\"margin: 0px 0px 0px 18px; color: rgb(15, 17, 17); font-family: &quot;Amazon Ember&quot;, Arial, sans-serif; font-size: 14px;\"><li style=\"list-style: disc; overflow-wrap: break-word; margin: 0px;\"><span class=\"a-list-item\">Learn to manage stress, sleep better and live healthier with Sense 2—our most advanced health and fitness smartwatch</span></li><li style=\"list-style: disc; overflow-wrap: break-word; margin: 0px;\"><span class=\"a-list-item\">Manage stress and live healthier: all-day stress detection with cEDA and daily Stress Management Score, ECG app for atrial fibrillation assessment(1), irregular heart rhythm notifications(2), SpO2(3), health metrics dashboard(4), menstrual health tracking and mindfulness content</span></li><li style=\"list-style: disc; overflow-wrap: break-word; margin: 0px;\"><span class=\"a-list-item\">Measure and improve sleep quality: personalized Sleep Profile(5), daily sleep stages &amp; Sleep Score, smart wake alarm and do not disturb mode</span></li><li style=\"list-style: disc; overflow-wrap: break-word; margin: 0px;\"><span class=\"a-list-item\">Enhance activity: built-in GPS and workout intensity map, Daily Readiness Score(5), Active Zone Minutes, all-day activity tracking and 24/7 heart rate, 40+ exercise modes and automatic exercise tracking</span></li><li style=\"list-style: disc; overflow-wrap: break-word; margin: 0px;\"><span class=\"a-list-item\">Designed for all-day wear: on-wrist Bluetooth calls (coming soon), texts and phone notifications(6), customizable clock faces, Fitbit Pay(7), Amazon Alexa built-in(8), Google Wallet &amp; Maps (coming soon), sleek, slim and water resistant to 50 meters, 6+ day battery &amp; fast charge(9)</span></li><li style=\"list-style: disc; overflow-wrap: break-word; margin: 0px;\"><span class=\"a-list-item\">Includes 6-month Premium membership for deeper insights &amp; guidance, exclusive workouts, mindfulness sessions and more(10)</span></li></ul></div>','1.jpg','2022-11-10 11:31:05.538000','2022-11-10 11:31:05.538000',_binary '',_binary '',5,399,25,3,5,4,4,11,36,4.5,2,4,3),(18,'Amazon Essentials Women\'s Lightweight Water','Amazon-Essentials-Women\'s-Lightweight-Water','<div><h1 id=\"title\" class=\"a-size-large a-spacing-none a-color-secondary\" style=\"padding: 0px; margin-right: 0px; margin-left: 0px; text-rendering: optimizelegibility; font-family: &quot;Amazon Ember&quot;, Arial, sans-serif; margin-bottom: 0px !important; font-size: 24px !important; line-height: 32px !important; color: rgb(86, 89, 89) !important;\"><span id=\"productTitle\" class=\"a-size-large product-title-word-break\" style=\"text-rendering: optimizelegibility; word-break: break-word; line-height: 32px !important;\">Amazon Essentials Women\'s Lightweight Water-Resistant Hooded Puffer Coat (Available in Plus Size)</span></h1></div>','<div><div>An Amazon brand - Puffer coat, this is a winter essential wardrobe staple</div><div>Amazon Essentials is focused on creating affordable, high-quality, and long-lasting everyday clothing you can rely on. Our line of women\'s apparel includes cashmere sweaters, fleece and down jackets, and more, including plus-size options. Our consistent sizing takes the guesswork out of shopping, and each piece is put to the test to maintain the highest standards in quality and comfort.</div></div>','1.jpg','2022-11-10 11:37:35.135000','2022-11-10 11:37:35.135000',_binary '',_binary '',5,279,25,3,4,4,3,6,14,0,0,5,3),(19,'BENGOO G9000 Stereo Gaming Headset','BENGOO-G9000-Stereo-Gaming-Headset','<div><h1 id=\"title\" class=\"a-size-large a-spacing-none\" style=\"padding: 0px; margin-right: 0px; margin-left: 0px; text-rendering: optimizelegibility; color: rgb(15, 17, 17); font-family: &quot;Amazon Ember&quot;, Arial, sans-serif; margin-bottom: 0px !important; font-size: 24px !important; line-height: 32px !important;\"><span id=\"productTitle\" class=\"a-size-large product-title-word-break\" style=\"text-rendering: optimizelegibility; word-break: break-word; line-height: 32px !important;\">BENGOO G9000 Stereo Gaming Headset for PS4 PC Xbox One PS5 Controller, Noise Cancelling Over Ear Headphones with Mic, LED Light, Bass Surround, Soft Memory Earmuffs for Laptop Mac Nintendo NES Games</span></h1></div>','<div><ul class=\"a-unordered-list a-vertical a-spacing-mini\" style=\"margin: 0px 0px 0px 18px; color: rgb(15, 17, 17); font-family: &quot;Amazon Ember&quot;, Arial, sans-serif; font-size: 14px;\"><li style=\"list-style: disc; overflow-wrap: break-word; margin: 0px;\"><span class=\"a-list-item\">【Multi-Platform Compatible】Support PlayStation 4, New Xbox One, PC, Nintendo 3DS, Laptop, PSP, Tablet, iPad, Computer, Mobile Phone. Please note you need an extra Microsoft Adapter (Not Included) when connect with an old version Xbox One controller.</span></li><li style=\"list-style: disc; overflow-wrap: break-word; margin: 0px;\"><span class=\"a-list-item\">【Surrounding Stereo Subwoofer】Clear sound operating strong brass, splendid ambient noise isolation and high precision 40mm magnetic neodymium driver, acoustic positioning precision enhance the sensitivity of the speaker unit, bringing you vivid sound field, sound clarity, shock feeling sound. Perfect for various games like Halo 5 Guardians, Metal Gear Solid, Call of Duty, Star Wars Battlefront, Overwatch, World of Warcraft Legion, etc.</span></li><li style=\"list-style: disc; overflow-wrap: break-word; margin: 0px;\"><span class=\"a-list-item\">【Noise Isolating Microphone】Headset integrated onmi-directional microphone can transmits high quality communication with its premium noise-concellng feature, can pick up sounds with great sensitivity and remove the noise, which enables you clearly deliver or receive messages while you are in a game. Long flexible mic design very convenient to adjust angle of the microphone.</span></li><li style=\"list-style: disc; overflow-wrap: break-word; margin: 0px;\"><span class=\"a-list-item\">【Great Humanized Design】Superior comfortable and good air permeability protein over-ear pads, muti-points headbeam, acord with human body engineering specification can reduce hearing impairment and heat sweat.Skin friendly leather material for a longer period of wearing. Glaring LED lights desigend on the earcups to highlight game atmosphere.</span></li><li style=\"list-style: disc; overflow-wrap: break-word; margin: 0px;\"><span class=\"a-list-item\">【Effortlessly Volume Control】High tensile strength, anti-winding braided USB cable with rotary volume controller and key microphone mute effectively prevents the 49-inches long cable from twining and allows you to control the volume easily and mute the mic as effortless volume control one key mute.</span></li></ul></div>','1.jpg','2022-11-10 11:41:51.991000','2022-11-10 11:41:51.991000',_binary '',_binary '',6,269,50,3,3,4,4,8,2,4,2,1,3),(20,'Acanva Square Premium','Acanva-Square-Premium','<div><h1 id=\"title\" class=\"a-size-large a-spacing-none\" style=\"padding: 0px; margin-right: 0px; margin-left: 0px; text-rendering: optimizelegibility; color: rgb(15, 17, 17); font-family: &quot;Amazon Ember&quot;, Arial, sans-serif; margin-bottom: 0px !important; font-size: 24px !important; line-height: 32px !important;\"><span id=\"productTitle\" class=\"a-size-large product-title-word-break\" style=\"text-rendering: optimizelegibility; word-break: break-word; line-height: 32px !important;\">Acanva Square Premium Throw Pillow Inserts with Microfiber Filled, Lumbar Support Decorative Stuffer for Sofa Bed Couch &amp; Chairs, 4 Count (Pack of 1), White</span></h1></div>','<div><ul class=\"a-unordered-list a-vertical a-spacing-mini\" style=\"margin: 0px 0px 0px 18px; color: rgb(15, 17, 17); font-family: &quot;Amazon Ember&quot;, Arial, sans-serif; font-size: 14px;\"><li style=\"list-style: disc; overflow-wrap: break-word; margin: 0px;\"><span class=\"a-list-item\">Machine Wash and Tumble Dry Low</span></li><li style=\"list-style: disc; overflow-wrap: break-word; margin: 0px;\"><span class=\"a-list-item\">SOFT&nbsp;YET SUPPORTIVE THROW PILLOW INSERTS- Filled with 100% soft polyester stuffing, ACANVA pillow inserts 24x24 inches not only provide softness, but also have high resiliency with durability. Provide you with comfort ,head, back and lumbar support.</span></li><li style=\"list-style: disc; overflow-wrap: break-word; margin: 0px;\"><span class=\"a-list-item\">GREAT FLUFFY DECORATIVE PILLOWS FOR SLEEPING, READING ECT.-Generously filled with quality polyester fiber, and sewed with high thread count fabric, ACANVA 24 x 24 pillow inserts are perfect accent for sofa, couch, chair, seat, living rooms,bedrooms and office, which can be used both indoors and outdoors.</span></li><li style=\"list-style: disc; overflow-wrap: break-word; margin: 0px;\"><span class=\"a-list-item\">100% SKIN-FRIENDLY &amp; BREATHABLE WEAR-RESISTANT MATERIAL-Our 4 pack euro pillows insert are made of 100% microfiber fill, offers a smooth and soft hand feel and skin friendly to your family and pets. It is perfect for sleepers who are allergy prone. Provides the most comfortable feel to your head and back as you unwind after a tiring day.</span></li><li style=\"list-style: disc; overflow-wrap: break-word; margin: 0px;\"><span class=\"a-list-item\">SIMPLE EASY TO CARE FOR-The throw pillow insert 24x24 inches is easy care and machine washable. Machine wash on cold, and dry on tumble dry, low temperature. Our high-quality designs match any decor and make the ultimate gift idea for men and women, Moms and Dads, Valentine\'s - Mother\'s - Father\'s Day and Christmas.</span></li><li style=\"list-style: disc; overflow-wrap: break-word; margin: 0px;\"><span class=\"a-list-item\">PACKAGE TIPS: 4 pack 24x24 inches pillow inserts are included. The package comes with a vacuum bag but restore most of its shape in seconds when you open the package. You can fluff them up manually to its full size by pressing, squeezing and folding. Or put them in the dryer on low for 5-10 minutes to get it back to its normal full fluffy shape. If you want your pillows looks fluffy, we recommend your pillowcases are smaller than the pillow inserts.</span></li></ul></div>','41mxU5VaWiS._AC_SR480,480_.jpg','2022-11-11 15:40:05.163000','2022-11-11 15:40:05.163000',_binary '',_binary '',3,397,12,4,3,4,3,14,21,5,1,9,6),(21,'Cuisinart C77WTR-15P','Cuisinart-C77WTR-15P','<div><h1 id=\"title\" class=\"a-size-large a-spacing-none\" style=\"padding: 0px; margin-right: 0px; margin-left: 0px; text-rendering: optimizelegibility; color: rgb(15, 17, 17); font-family: &quot;Amazon Ember&quot;, Arial, sans-serif; margin-bottom: 0px !important; font-size: 24px !important; line-height: 32px !important;\"><span id=\"productTitle\" class=\"a-size-large product-title-word-break\" style=\"text-rendering: optimizelegibility; word-break: break-word; line-height: 32px !important;\">Cuisinart C77WTR-15P Classic Forged Triple Rivet, 15-Piece Knife Set with Block, Superior High-Carbon Stainless Steel Blades for Precision and Accuracy, White</span></h1></div>','<div><div id=\"featurebullets_feature_div\" class=\"celwidget\" data-feature-name=\"featurebullets\" data-csa-c-type=\"widget\" data-csa-c-content-id=\"featurebullets\" data-csa-c-slot-id=\"featurebullets_feature_div\" data-csa-c-asin=\"B01ALYD1WI\" data-csa-c-is-in-initial-active-row=\"false\" data-csa-c-id=\"7zhlws-4i2067-g8tuvm-yb423n\" data-cel-widget=\"featurebullets_feature_div\" style=\"color: rgb(15, 17, 17); font-family: &quot;Amazon Ember&quot;, Arial, sans-serif; font-size: 14px;\"><div id=\"feature-bullets\" class=\"a-section a-spacing-medium a-spacing-top-small\" style=\"margin-bottom: 0px; margin-top: 8px !important;\"><ul class=\"a-unordered-list a-vertical a-spacing-mini\" style=\"margin: 0px 0px 0px 18px;\"><li style=\"list-style: disc; overflow-wrap: break-word; margin: 0px;\"><span class=\"a-list-item\">SET INCLUDES: 8-inch Chef Knife, 8-inch Slicing Knife, 7-inch Santoku Knife, 5.5-inch Utility Knife, 3.5-inch Paring Knife, 2.75-inch Bird\'s Beak Paring Knife, 4.5-inch Steak Knives (6), 8-inch Sharpening Steel, All-Purpose Household Shears and Wooden Block</span></li><li style=\"list-style: disc; overflow-wrap: break-word; margin: 0px;\"><span class=\"a-list-item\">SUPERIOR PERFORMANCE: Cuisinart’s Classic Forged Triple Rivet Cutlery possesses superior high-carbon stainless steel blades for precision and accuracy</span></li><li style=\"list-style: disc; overflow-wrap: break-word; margin: 0px;\"><span class=\"a-list-item\">TOTAL CONTROL: Durable extra-wide safety bolster for perfect stability and control</span></li><li style=\"list-style: disc; overflow-wrap: break-word; margin: 0px;\"><span class=\"a-list-item\">WELL BUILT: Stainless steel rivets to secure the full-tang blade to the ergonomically designed handle</span></li><li style=\"list-style: disc; overflow-wrap: break-word; margin: 0px;\"><span class=\"a-list-item\">LIFETIME WARRANTY: Cuisinart Cutlery is warranted to be free of defects in material and workmanship under normal home use from the date of original purchase throughout the original purchaser’s lifetime. Please see Product Documentation below</span></li><li></li></ul><span class=\"edp-feature-declaration\" data-edp-feature-name=\"featurebullets\" data-edp-asin=\"B01ALYD1WI\" data-data-hash=\"723686196\" data-defects=\"[{&quot;id&quot;:&quot;defect-mismatch-info&quot;,&quot;value&quot;:&quot;Different from product&quot;},{&quot;id&quot;:&quot;defect-missing-information&quot;,&quot;value&quot;:&quot;Missing information&quot;},{&quot;id&quot;:&quot;defect-unessential-info&quot;,&quot;value&quot;:&quot;Unimportant information&quot;},{&quot;id&quot;:&quot;defect-other-productinfo-issue&quot;,&quot;value&quot;:&quot;Other&quot;}]\" data-metadata=\"CATALOG\" data-feature-container-id=\"\" data-custom-event-handler=\"\" data-display-name=\"Bullet Points\" data-edit-data-state=\"featureBulletsEDPEditData\" data-position=\"\" data-resolver=\"CQResolver\"></span></div></div><div id=\"provenanceCertifications_feature_div\" class=\"celwidget\" data-feature-name=\"provenanceCertifications\" data-csa-c-type=\"widget\" data-csa-c-content-id=\"provenanceCertifications\" data-csa-c-slot-id=\"provenanceCertifications_feature_div\" data-csa-c-asin=\"B01ALYD1WI\" data-csa-c-is-in-initial-active-row=\"false\" data-csa-c-id=\"s0linn-gqf5iz-405jdg-e66xok\" data-cel-widget=\"provenanceCertifications_feature_div\" style=\"color: rgb(15, 17, 17); font-family: &quot;Amazon Ember&quot;, Arial, sans-serif; font-size: 14px;\"></div><div id=\"serviceCapabilities_feature_div\" class=\"celwidget\" data-feature-name=\"serviceCapabilities\" data-csa-c-type=\"widget\" data-csa-c-content-id=\"serviceCapabilities\" data-csa-c-slot-id=\"serviceCapabilities_feature_div\" data-csa-c-asin=\"B01ALYD1WI\" data-csa-c-is-in-initial-active-row=\"false\" data-csa-c-id=\"1ndo4x-y0l9ig-527orr-m42ues\" data-cel-widget=\"serviceCapabilities_feature_div\" style=\"color: rgb(15, 17, 17); font-family: &quot;Amazon Ember&quot;, Arial, sans-serif; font-size: 14px;\"></div></div>','1.jpg','2022-11-11 15:45:39.915000','2022-11-11 15:45:39.915000',_binary '',_binary '',5,499,25,5,4,5,5,14,43,4,3,9,6),(22,'GreenPan Valencia Pro','GreenPan-Valencia-Pro','<div><h1 id=\"title\" class=\"a-size-large a-spacing-none\" style=\"padding: 0px; margin-right: 0px; margin-left: 0px; text-rendering: optimizelegibility; color: rgb(15, 17, 17); font-family: &quot;Amazon Ember&quot;, Arial, sans-serif; margin-bottom: 0px !important; font-size: 24px !important; line-height: 32px !important;\"><span id=\"productTitle\" class=\"a-size-large product-title-word-break\" style=\"text-rendering: optimizelegibility; word-break: break-word; line-height: 32px !important;\">GreenPan Valencia Pro Hard Anodized Healthy Ceramic Nonstick 11 Piece Cookware Pots and Pans Set, PFAS-Free, Induction, Dishwasher Safe, Oven Safe, Gray</span></h1></div>','<div><ul class=\"a-unordered-list a-vertical a-spacing-mini\" style=\"margin: 0px 0px 0px 18px; color: rgb(15, 17, 17); font-family: &quot;Amazon Ember&quot;, Arial, sans-serif; font-size: 14px;\"><li style=\"list-style: disc; overflow-wrap: break-word; margin: 0px;\"><span class=\"a-list-item\">Cookware Set Includes: 8\'\', 9.5\'\', 11\'\' frypans; 2 quart and 3 quart saucepans with lids; 3 quart skillet with lid; 5 quart casserole with lid</span></li><li style=\"list-style: disc; overflow-wrap: break-word; margin: 0px;\"><span class=\"a-list-item\">Infused with diamonds, GreenPan’s Thermolon Minerals Pro healthy ceramic nonstick coating is free of PFAS, PFOA, lead, and cadmium, so it will never release toxic fumes, even if it’s accidentally overheated</span></li><li style=\"list-style: disc; overflow-wrap: break-word; margin: 0px;\"><span class=\"a-list-item\">Metal utensil safe, our original diamond-infused nonstick coating offers remarkable durability, balanced heating, and effortless cleanup</span></li><li style=\"list-style: disc; overflow-wrap: break-word; margin: 0px;\"><span class=\"a-list-item\">Valencia Pro\'s Magneto Induction Bases bring incredible searing and browning to all stovetops, including induction, plus the hard anodized aluminum bodies are unbelievably durable and scratch-resistant</span></li><li style=\"list-style: disc; overflow-wrap: break-word; margin: 0px;\"><span class=\"a-list-item\">Oven and broiler safe up to 600°F</span></li><li style=\"list-style: disc; overflow-wrap: break-word; margin: 0px;\"><span class=\"a-list-item\">Dishwasher safe for easy cleanup</span></li><li style=\"list-style: disc; overflow-wrap: break-word; margin: 0px;\"><span class=\"a-list-item\">Durable glass lids for easy food monitoring, oven safe up to 425°F</span></li></ul></div>','71m7pTd0xYL._AC_UL232_SR232,232_.jpg','2022-11-11 15:49:51.666000','2022-11-11 15:50:39.034000',_binary '',_binary '',6,379,45,4,5,3,4,14,43,4,1,9,6),(23,'Home Essentials','Home-Essentials','<div><div id=\"featurebullets_feature_div\" class=\"celwidget\" data-feature-name=\"featurebullets\" data-csa-c-type=\"widget\" data-csa-c-content-id=\"featurebullets\" data-csa-c-slot-id=\"featurebullets_feature_div\" data-csa-c-asin=\"B00GJ8H66S\" data-csa-c-is-in-initial-active-row=\"false\" data-csa-c-id=\"c98dm0-oq56jo-3mzkzz-jmjahm\" data-cel-widget=\"featurebullets_feature_div\" style=\"color: rgb(15, 17, 17); font-family: &quot;Amazon Ember&quot;, Arial, sans-serif; font-size: 14px;\"><div id=\"feature-bullets\" class=\"a-section a-spacing-medium a-spacing-top-small\" style=\"margin-bottom: 0px; margin-top: 8px !important;\"><ul class=\"a-unordered-list a-vertical a-spacing-mini\" style=\"margin: 0px 0px 0px 18px;\"><li style=\"list-style: disc; overflow-wrap: break-word; margin: 0px;\"><span class=\"a-list-item\">Polyester</span></li><li style=\"list-style: disc; overflow-wrap: break-word; margin: 0px;\"><span class=\"a-list-item\">Casual textured fabric</span></li><li style=\"list-style: disc; overflow-wrap: break-word; margin: 0px;\"><span class=\"a-list-item\">Gently filters light while enhancing privacy</span></li><li style=\"list-style: disc; overflow-wrap: break-word; margin: 0px;\"><span class=\"a-list-item\">Grommet top design allows for easy hanging on a standard curtain rod up to 1.5\" in diameter</span></li><li style=\"list-style: disc; overflow-wrap: break-word; margin: 0px;\"><span class=\"a-list-item\">Machine washable</span></li><li style=\"list-style: disc; overflow-wrap: break-word; margin: 0px;\"><span class=\"a-list-item\">Perfect for the bedroom or living room</span></li><li style=\"list-style: disc; overflow-wrap: break-word; margin: 0px;\"><span class=\"a-list-item\">Each panel sold separately</span></li><li style=\"list-style: disc; overflow-wrap: break-word; margin: 0px;\"><span class=\"a-list-item\">Material Type : Polyester &amp; Polyester Blend</span></li><li></li></ul><span class=\"edp-feature-declaration\" data-edp-feature-name=\"featurebullets\" data-edp-asin=\"B00GJ8H66S\" data-data-hash=\"3755995049\" data-defects=\"[{&quot;id&quot;:&quot;defect-mismatch-info&quot;,&quot;value&quot;:&quot;Different from product&quot;},{&quot;id&quot;:&quot;defect-missing-information&quot;,&quot;value&quot;:&quot;Missing information&quot;},{&quot;id&quot;:&quot;defect-unessential-info&quot;,&quot;value&quot;:&quot;Unimportant information&quot;},{&quot;id&quot;:&quot;defect-other-productinfo-issue&quot;,&quot;value&quot;:&quot;Other&quot;}]\" data-metadata=\"CATALOG\" data-feature-container-id=\"\" data-custom-event-handler=\"\" data-display-name=\"Bullet Points\" data-edit-data-state=\"featureBulletsEDPEditData\" data-position=\"\" data-resolver=\"CQResolver\"></span></div></div><div id=\"provenanceCertifications_feature_div\" class=\"celwidget\" data-feature-name=\"provenanceCertifications\" data-csa-c-type=\"widget\" data-csa-c-content-id=\"provenanceCertifications\" data-csa-c-slot-id=\"provenanceCertifications_feature_div\" data-csa-c-asin=\"B00GJ8H66S\" data-csa-c-is-in-initial-active-row=\"false\" data-csa-c-id=\"p82x44-asn34c-gfe0p4-nvc205\" data-cel-widget=\"provenanceCertifications_feature_div\" style=\"color: rgb(15, 17, 17); font-family: &quot;Amazon Ember&quot;, Arial, sans-serif; font-size: 14px;\"></div><div id=\"serviceCapabilities_feature_div\" class=\"celwidget\" data-feature-name=\"serviceCapabilities\" data-csa-c-type=\"widget\" data-csa-c-content-id=\"serviceCapabilities\" data-csa-c-slot-id=\"serviceCapabilities_feature_div\" data-csa-c-asin=\"B00GJ8H66S\" data-csa-c-is-in-initial-active-row=\"false\" data-csa-c-id=\"26rff9-bd0x71-26v6tv-gjtzh2\" data-cel-widget=\"serviceCapabilities_feature_div\" style=\"color: rgb(15, 17, 17); font-family: &quot;Amazon Ember&quot;, Arial, sans-serif; font-size: 14px;\"></div></div>','<div><div>Founded in New York City in 1933 by Sam Lichtenberg, Lichtenberg is a fourth generation family owned and operated business. We are personally committed to the quality of our products, the success of our partners, and the satisfaction of our end consumers.</div><div>We supply soft window coverings in the United States, partnering with over 50 major retailers to offer some of the broadest assortment of ready-made soft window curtains in the market.</div></div><div><span style=\"font-family: &quot;Amazon Ember&quot;, Arial, sans-serif; font-size: small; display: inline !important;\">This panel is classic in every sense of the word. The Montego Casual Grommet Top Curtain Panel comes in a bevy of colors to choose from so it\'ll be easy to pick your favorite hue. This curtain panel is contemporary in styling and will look flawless in any décor. For easy care, machine wash in cold and tumble dry. This package includes 1 curtain panel.</span><br></div>','419L6NkEcKL._AC_UF226,226_FMjpg_.jpg','2022-11-11 15:58:54.022000','2022-11-11 15:58:54.022000',_binary '',_binary '',6,1097,25,5,2,4,6,12,39,5,2,7,1),(24,'ZEISS Batis','ZEISS-Batis','<div><ul class=\"a-unordered-list a-vertical a-spacing-mini\" style=\"margin: 0px 0px 0px 18px; color: rgb(15, 17, 17); font-family: &quot;Amazon Ember&quot;, Arial, sans-serif; font-size: 14px;\"><li style=\"list-style: disc; overflow-wrap: break-word; margin: 0px;\"><span class=\"a-list-item\">VERSATILE FULL-FRAME LENS: The powerful lens for the mirrorless full-frame system of Sony fulfills the highest requirements. Despite its compact design, the image meets the expectations of professional photographers.</span></li><li style=\"list-style: disc; overflow-wrap: break-word; margin: 0px;\"><span class=\"a-list-item\">EXCELLENT RESOLUTION AND HIGH CONTRAST: Richly saturated and vivid colours are a must in the creation of lasting impressions. However, stray light within an optical system leads to a lightening of the image that is particularly noticeable in the shadows. This reduces image contrast, with the result that exposures lack contrast and appear faded. To avoid this, ZEISS combines various specially developed technologies to reduce the undesirable effects of stray light.</span></li><li style=\"list-style: disc; overflow-wrap: break-word; margin: 0px;\"><span class=\"a-list-item\">ROBUST AND WEATHERPROOF METAL CONSTRUCTION: Thanks to features that are designed to keep out dust and spray water, the lens is perfectly suited for critical outdoor conditions. It is also designed for many years of intensive use.</span></li></ul></div>','<div><span style=\"font-family: &quot;Amazon Ember&quot;, Arial, sans-serif; font-size: small; display: inline !important;\">E-mount Lens/full-frame format aperture range: f/2.8 to f/22 distant optical design Four aspherical elements seven special glass elements floating elements system Zeiss T anti-reflective coating OLED display for focus distance and DOF linear autofocus motor dust and moisture-resistant construction</span><br></div>','1.jpg','2022-11-11 16:04:02.052000','2022-11-11 16:07:19.895000',_binary '',_binary '',6,2500,10,5,6,5,6,12,39,5,1,7,1),(25,'Apple AirPods ','Apple-AirPods-','<div><h1 id=\"title\" class=\"a-size-large a-spacing-none\" style=\"padding: 0px; margin-right: 0px; margin-left: 0px; text-rendering: optimizelegibility; color: rgb(15, 17, 17); font-family: &quot;Amazon Ember&quot;, Arial, sans-serif; margin-bottom: 0px !important; font-size: 24px !important; line-height: 32px !important;\"><span id=\"productTitle\" class=\"a-size-large product-title-word-break\" style=\"text-rendering: optimizelegibility; word-break: break-word; line-height: 32px !important;\">Apple AirPods (2nd Generation) Wireless Earbuds with Lightning Charging Case Included. Over 24 Hours of Battery Life, Effortless Setup. Bluetooth Headphones for iPhone</span></h1></div>','<div><ul class=\"a-unordered-list a-vertical a-spacing-mini\" style=\"margin: 0px 0px 0px 18px; color: rgb(15, 17, 17); font-family: &quot;Amazon Ember&quot;, Arial, sans-serif; font-size: 14px;\"><li style=\"list-style: disc; overflow-wrap: break-word; margin: 0px;\"><span class=\"a-list-item\">Quick access to Siri by saying “ Hey Siri ”</span></li><li style=\"list-style: disc; overflow-wrap: break-word; margin: 0px;\"><span class=\"a-list-item\">More than 24 hours total listening time with the Charging Case</span></li><li style=\"list-style: disc; overflow-wrap: break-word; margin: 0px;\"><span class=\"a-list-item\">Effortless setup, in-ear detection, and automatic switching for a magical experience</span></li><li style=\"list-style: disc; overflow-wrap: break-word; margin: 0px;\"><span class=\"a-list-item\">Easily share audio between two sets of AirPods on your iPhone, iPad, iPod touch, or Apple TV</span></li></ul></div>','2.jpg','2022-11-11 16:12:54.027000','2022-11-11 16:12:54.027000',_binary '',_binary '',2,590,25,4,5,6,6,12,37,4.66667,3,7,1),(26,'Keurig K-Mini Coffee','Keurig-K-Mini-Coffee','<div><h1 id=\"title\" class=\"a-size-large a-spacing-none\" style=\"padding: 0px; margin-right: 0px; margin-left: 0px; text-rendering: optimizelegibility; color: rgb(15, 17, 17); font-family: &quot;Amazon Ember&quot;, Arial, sans-serif; margin-bottom: 0px !important; font-size: 24px !important; line-height: 32px !important;\"><span id=\"productTitle\" class=\"a-size-large product-title-word-break\" style=\"text-rendering: optimizelegibility; word-break: break-word; line-height: 32px !important;\">Keurig K-Mini Coffee Maker, Single Serve K-Cup Pod Coffee Brewer, 6 to 12 oz. Brew Sizes, Black</span></h1></div>','<div><ul class=\"a-unordered-list a-vertical a-spacing-mini\" style=\"margin: 0px 0px 0px 18px; color: rgb(15, 17, 17); font-family: &quot;Amazon Ember&quot;, Arial, sans-serif; font-size: 14px;\"><li style=\"list-style: disc; overflow-wrap: break-word; margin: 0px;\"><span class=\"a-list-item\">FITS ANYWHERE: Less than 5 inches wide, perfect for small spaces</span></li><li style=\"list-style: disc; overflow-wrap: break-word; margin: 0px;\"><span class=\"a-list-item\">YOUR PERFECT AMOUNT: Brew any cup size between 6-12oz with Keurig K-Cup pods</span></li><li style=\"list-style: disc; overflow-wrap: break-word; margin: 0px;\"><span class=\"a-list-item\">ONE CUP RESERVOIR: Just add fresh water for each brew</span></li><li style=\"list-style: disc; overflow-wrap: break-word; margin: 0px;\"><span class=\"a-list-item\">FAST &amp; FRESH BREWED: Coffee made in minutes</span></li><li style=\"list-style: disc; overflow-wrap: break-word; margin: 0px;\"><span class=\"a-list-item\">CORD STORAGE: For easy transport and tidy countertops</span></li><li style=\"list-style: disc; overflow-wrap: break-word; margin: 0px;\"><span class=\"a-list-item\">TRAVEL MUG FRIENDLY: Removable drip tray accommodates travel mugs up to 7.0 inches tall and holds a full accidental brew for easy cleanup</span></li><li style=\"list-style: disc; overflow-wrap: break-word; margin: 0px;\"><span class=\"a-list-item\">ENERGY EFFICIENT: Auto off feature turns off your coffee maker 90 seconds after your last brew, helping to save energy</span></li></ul></div>','71tybZyMkuL._AC_SX679_.jpg','2022-11-11 16:19:50.659000','2022-11-11 16:20:22.864000',_binary '',_binary '',6,678,25,6,45,5,3,16,25,4,1,7,1),(27,'Timex Men\'s Expedition','Timex-Men\'s-Expedition-Acadia-Full-Size-Watch','<div><span style=\"font-family: &quot;Amazon Ember&quot;, Arial, sans-serif; font-size: small; display: inline !important;\">This clean, simple, military-inspired Timex Expedition Camper watch hasn\'t changed much since 1918. We made it a little lighter, added a nylon Fast Wrap strap with Velcro fastener, and our signature Indiglo night-light.</span><br></div>','<div><span style=\"color: rgb(15, 17, 17); font-family: &quot;Amazon Ember&quot;, Arial, sans-serif; font-size: 14px; display: inline !important;\">Summary: This is a review for the black \"Camper\" style Expedition watch with a black Velcro Fast Wrap band. This style is unique from the other Expedition Acadia watches offered by Amazon in that it has water resistance of 100M instead of 50M for the other models. I have seen some non-Amazon reviews showing this same black Timex Expedition watch with 50M water resistance, but mine is 100M. I believe that there is also a white dial version of this watch, too, that is available on Amazon, but it is listed separately from the other Acadia models.</span><br style=\"color: rgb(15, 17, 17); font-family: &quot;Amazon Ember&quot;, Arial, sans-serif; font-size: 14px;\"><br style=\"color: rgb(15, 17, 17); font-family: &quot;Amazon Ember&quot;, Arial, sans-serif; font-size: 14px;\"><span style=\"color: rgb(15, 17, 17); font-family: &quot;Amazon Ember&quot;, Arial, sans-serif; font-size: 14px; display: inline !important;\">A quick rundown of watch details: 38mm resin case, quartz movement, 100M water resistant, Indiglo, push crown at 3 o\'clock with modest protectors flanking the crown, date complication, hackable second hand, stainless steel screw down case back, Fast Wrap Velcro band, black dial, white Arabic numerals, small military time designations, flush acrylic face, white lumed minute and hour hands, and red second hand. All in all, a very simple watch design.</span><br></div>','91KRgOuTFDL._AC_UY879_.jpg','2022-11-16 12:00:46.329000','2022-11-16 12:00:46.329000',_binary '',_binary '',7,369,25,4,5,4,5,16,27,4.33333,3,10,42),(28,'Stride Rite 360','Stride-Rite-360','<span style=\"font-family: &quot;Amazon Ember&quot;, Arial, sans-serif; font-size: small;\">Introducing a pair of comfy, cute, and colorful, high-tops for your little winter lover. These kids\' snow boots are sure to make all their winter wishes come true.</span><br style=\"font-family: &quot;Amazon Ember&quot;, Arial, sans-serif; font-size: small;\"><br style=\"font-family: &quot;Amazon Ember&quot;, Arial, sans-serif; font-size: small;\"><span style=\"font-family: &quot;Amazon Ember&quot;, Arial, sans-serif; font-size: small;\">Sus primeras botas de invierno siempre serán las más lindas, por lo que no se escatimaron detalles. Con colores contrastantes y telas ultra acogedoras y transpirables, estas botas de nieve para niños y niños pequeños también incluyen detalles pensados como detalles de cordones sintéticos.</span><br style=\"font-family: &quot;Amazon Ember&quot;, Arial, sans-serif; font-size: small;\"><br style=\"font-family: &quot;Amazon Ember&quot;, Arial, sans-serif; font-size: small;\"><span style=\"font-family: &quot;Amazon Ember&quot;, Arial, sans-serif; font-size: small;\">첫 번째 겨울 부츠는 항상 가장 귀엽기 때문에 디테일을 아끼지 않았습니다. 대조적인 색상과 매우 아늑하고 통기성이 좋은 원단이 특징인 이 멋진 어린이 및 유아용 스노우 부츠는 인조 레이스업 디테일과 같은 사려 깊은 디테일을 포함합니다.</span><br>','<ul class=\"a-unordered-list a-vertical a-spacing-mini\" style=\"margin: 0px 0px 0px 18px; color: rgb(15, 17, 17); padding: 0px; font-family: &quot;Amazon Ember&quot;, Arial, sans-serif; font-size: 14px;\"><li style=\"list-style: disc; overflow-wrap: break-word; margin: 0px;\"><span class=\"a-list-item\" style=\"overflow-wrap: break-word; display: block;\">Rubber sole</span></li><li style=\"list-style: disc; overflow-wrap: break-word; margin: 0px;\"><span class=\"a-list-item\" style=\"overflow-wrap: break-word; display: block;\">Shaft measures approximately Calf High from arch</span></li><li style=\"list-style: disc; overflow-wrap: break-word; margin: 0px;\"><span class=\"a-list-item\" style=\"overflow-wrap: break-word; display: block;\">Boot opening measures approximately 9\" around</span></li><li style=\"list-style: disc; overflow-wrap: break-word; margin: 0px;\"><span class=\"a-list-item\" style=\"overflow-wrap: break-word; display: block;\">Kids’ Snow Boots: These boots boast fun and functional features like contrasting colors and faux lace-up detailing designed to help kids weather the cold while looking cute</span></li><li style=\"list-style: disc; overflow-wrap: break-word; margin: 0px;\"><span class=\"a-list-item\" style=\"overflow-wrap: break-word; display: block;\">Convenient Closure: These kids\' boots come equipped with an adjustable hook and loop closure for easy on-and-off action; Oversized 9-inch openings make them extra easy to slip on</span></li><li style=\"list-style: disc; overflow-wrap: break-word; margin: 0px;\"><span class=\"a-list-item\" style=\"overflow-wrap: break-word; display: block;\">Washable: These snow boots feature a breathable, washable upper constructed of ultra-cozy, quick-drying fabric</span></li><li style=\"list-style: disc; overflow-wrap: break-word; margin: 0px;\"><span class=\"a-list-item\" style=\"overflow-wrap: break-word; display: block;\">Adjustable Fit: Equipped with a removable insole, our waterproof snow boots can easily be adjusted to accommodate wider feet; simply remove the included insole to add some extra space</span></li></ul>','1.jpg','2022-11-18 09:21:36.193000','2022-11-21 08:35:34.297000',_binary '',_binary '',6,99,35,6,6,6,4647,10,17,4,1,12,55),(30,'Alex and Ani Connections','Alex-and-Ani-Connections','<div><ul class=\"a-unordered-list a-vertical a-spacing-mini\" style=\"margin: 0px 0px 0px 18px; color: rgb(15, 17, 17); font-family: &quot;Amazon Ember&quot;, Arial, sans-serif; font-size: 14px;\"><li style=\"list-style: disc; overflow-wrap: break-word; margin: 0px;\"><span class=\"a-list-item\" style=\"overflow-wrap: break-word; display: block;\">JEWELRY FOR LOVE: Channel your power with this pair of Alex and Ani Mystical Best Friends Charm Bangles, a reminder that you’ll always cherish her friendship</span></li><li style=\"list-style: disc; overflow-wrap: break-word; margin: 0px;\"><span class=\"a-list-item\" style=\"overflow-wrap: break-word; display: block;\">MEANINGFUL CHARMS: This beautiful set of adjustable bangles features a black moon charm and a white sun charm that fit together to show you’re connected on a soul level</span></li><li style=\"list-style: disc; overflow-wrap: break-word; margin: 0px;\"><span class=\"a-list-item\" style=\"overflow-wrap: break-word; display: block;\">SIZING AND CLOSURE: Our innovative, patented, and completely original technology replaces traditional clasps with a sliding mechanism to customize this classic bracelet’s size from 2\" to 3.5\" wide</span></li><li style=\"list-style: disc; overflow-wrap: break-word; margin: 0px;\"><span class=\"a-list-item\" style=\"overflow-wrap: break-word; display: block;\">COMPOSITION: Crafted with love and care in the U.S.A., these effortless accessories are based in a nickel-free brass/copper metal mix for easy care and timeless wear</span></li><li style=\"list-style: disc; overflow-wrap: break-word; margin: 0px;\"><span class=\"a-list-item\" style=\"overflow-wrap: break-word; display: block;\">YOUR UNIQUE REMINDER: Feel the love with this Alex and Ani Mystical Best Friends Charm Expandable Bangle Set, a treasured reminder that she is important to you</span></li></ul></div>','<div><span style=\"font-family: &quot;Amazon Ember&quot;, Arial, sans-serif; font-size: small; display: inline !important;\">Best friends are connected on a soul level. They are written in the stars. Like the sun and the moon - they bring balance to each other\'s force. Best friends are forever. Alex and Ani Mystical Best Friends Charm Bangles express your loyalty and connection. Crafted in our Shiny Gold finish, this set of two beautiful bangles features a black moon charm and a white sun charm that fit together. Wear it solo to make a simple statement or add it to your bangle stack. Our expandable bangles adjust from 2\" to 3.5\" in width. Innovative, patented, and completely original technology ensures a customized for each of these elegant bangle bracelets. Made in the U.S.A, these pretty charm bracelets are nickel-free and have a timeless classic design. We believe that jewelry should be a meaningful representation of who you are, and the characteristics you strive to embody. Choose the Alex and Ani Expandable Bangles as a beautiful gift to share with your best gal pal- a symbol to wear as a reminder of your adventures together, year after year.</span><br></div>','1.jpg','2022-11-22 08:53:30.140000','2022-11-25 14:13:19.969000',_binary '',_binary '',5,999,28,5,6,5,15,7,15,5,1,21,58),(31,'Sunshine Narcissus','Sunshine-Narcissus','<div><h1 id=\"title\" class=\"a-size-large a-spacing-none\" style=\"padding: 0px; margin-right: 0px; margin-left: 0px; text-rendering: optimizelegibility; color: rgb(15, 17, 17); font-family: &quot;Amazon Ember&quot;, Arial, sans-serif; margin-bottom: 0px !important; font-size: 24px !important; line-height: 32px !important;\"><span id=\"productTitle\" class=\"a-size-large product-title-word-break\" style=\"text-rendering: optimizelegibility; word-break: break-word; line-height: 32px !important;\">Sunshine Narcissus Mix 50 Bulbs</span></h1></div>','<div><h1 id=\"title\" class=\"a-size-large a-spacing-none\" style=\"padding: 0px; margin-right: 0px; margin-left: 0px; text-rendering: optimizelegibility; color: rgb(15, 17, 17); font-family: &quot;Amazon Ember&quot;, Arial, sans-serif; margin-bottom: 0px !important; font-size: 24px !important; line-height: 32px !important;\"><span id=\"productTitle\" class=\"a-size-large product-title-word-break\" style=\"text-rendering: optimizelegibility; word-break: break-word; line-height: 32px !important;\">Sunshine Narcissus Mix 50 Bulbs-Deer &amp; Rodent Resistant - 14/16 cm Bulbs</span></h1></div>','main-product.jpg','2022-12-01 18:40:46.280000','2022-12-01 18:40:46.280000',_binary '',_binary '',4,100,10,4,5,6,7,15,18,4,1,22,57);
/*!40000 ALTER TABLE `products` ENABLE KEYS */;
UNLOCK TABLES;

--
-- Table structure for table `roles`
--

DROP TABLE IF EXISTS `roles`;
/*!40101 SET @saved_cs_client     = @@character_set_client */;
/*!50503 SET character_set_client = utf8mb4 */;
CREATE TABLE `roles` (
  `id` int NOT NULL AUTO_INCREMENT,
  `name` varchar(40) NOT NULL,
  `description` varchar(150) NOT NULL,
  PRIMARY KEY (`id`),
  UNIQUE KEY `UK_ofx66keruapi6vyqpv6f2or37` (`name`)
) ENGINE=InnoDB AUTO_INCREMENT=6 DEFAULT CHARSET=utf8mb4 COLLATE=utf8mb4_0900_ai_ci;
/*!40101 SET character_set_client = @saved_cs_client */;

--
-- Dumping data for table `roles`
--

LOCK TABLES `roles` WRITE;
/*!40000 ALTER TABLE `roles` DISABLE KEYS */;
INSERT INTO `roles` VALUES (1,'Admin','Manage everything'),(2,'Salesperson','Manage product price, customers, shipping, orders and sales report'),(3,'Editor','Manage categories, brands, products, articles and menus'),(4,'Shipper','View products, view orders and update order status'),(5,'Assistant','Manage questions and reviews');
/*!40000 ALTER TABLE `roles` ENABLE KEYS */;
UNLOCK TABLES;

--
-- Table structure for table `shops`
--

DROP TABLE IF EXISTS `shops`;
/*!40101 SET @saved_cs_client     = @@character_set_client */;
/*!50503 SET character_set_client = utf8mb4 */;
CREATE TABLE `shops` (
  `id` int NOT NULL AUTO_INCREMENT,
  `alias` varchar(255) NOT NULL,
  `created_time` datetime(6) DEFAULT NULL,
  `delivery_address` varchar(64) NOT NULL,
  `enabled` bit(1) NOT NULL,
  `name` varchar(255) NOT NULL,
  `customer_id` int DEFAULT NULL,
  `image` varchar(255) NOT NULL,
  PRIMARY KEY (`id`),
  UNIQUE KEY `UK_ar5yyuartm46e1brh920fpfiv` (`name`),
  KEY `FKrw9f7c3cun0p6x4qauhd8ihxw` (`customer_id`),
  CONSTRAINT `FKrw9f7c3cun0p6x4qauhd8ihxw` FOREIGN KEY (`customer_id`) REFERENCES `customers` (`id`)
) ENGINE=InnoDB AUTO_INCREMENT=23 DEFAULT CHARSET=utf8mb4 COLLATE=utf8mb4_0900_ai_ci;
/*!40101 SET character_set_client = @saved_cs_client */;

--
-- Dumping data for table `shops`
--

LOCK TABLES `shops` WRITE;
/*!40000 ALTER TABLE `shops` DISABLE KEYS */;
INSERT INTO `shops` VALUES (1,'Computer & Accessories','2022-11-10 10:41:49.914000','Ho Chi Minh - Viet Nam',_binary '','FPT Shop',3,'a31071a038cd244e602f3c7f0f827688_tn.jpg'),(2,'Mobile & Gadgets','2022-11-10 10:41:39.153000','Ho Chi Minh - Viet Nam',_binary '','Thegioididong.com',3,'a31071a038cd244e602f3c7f0f827688_tn.jpg'),(3,'Consumer Electronics','2022-11-10 10:41:31.557000','Ho Chi Minh - Viet Nam',_binary '','Viettel Store',3,'a31071a038cd244e602f3c7f0f827688_tn.jpg'),(4,'Get the items you ordered or get your money back.','2022-11-10 10:41:24.096000','Ho Chi Minh - Viet Nam',_binary '','Shopee Guarantee',3,'a31071a038cd244e602f3c7f0f827688_tn.jpg'),(5,'minminstore96','2022-11-10 10:41:16.764000','Ho Chi Minh - Viet Nam',_binary '','minminstore96',3,'a31071a038cd244e602f3c7f0f827688_tn.jpg'),(6,'fashionalloy.vn','2022-11-10 10:41:06.677000','Ho Chi Minh - Viet Nam',_binary '','fashionalloy.vn',3,'a31071a038cd244e602f3c7f0f827688_tn.jpg'),(7,'Shopee GuaranteeGet the items you ordered or get your money back.','2022-11-11 15:53:44.847000','Ho Chi Minh - Viet Nam',_binary '','iowa025.vn',1,'1.jpg'),(9,'HEINEKEN OFFICIAL','2022-11-11 15:35:53.439000','2446 Sharon Lane',_binary '','HEINEKEN OFFICIAL',6,'1.jpg'),(10,'Adjustable black & brown 20 millimeter genuine leather and fabric strap fits up to 8-inch wrist circumference','2022-11-16 11:56:47.353000','Ho Chi Minh - Viet Nam',_binary '','shopchuyensi20061990',42,'shop_logo.jpg'),(12,'OLEVS Official Store','2022-11-18 09:20:12.576000','Ho Chi Minh - Viet Nam',_binary '','OLEVS Official Store',55,'shop_logo.jpg'),(21,'Áo thể thao Croptop sao vàng Việt Nam cộc tay','2022-11-22 08:50:42.201000','Ho Chi Minh - Viet Nam',_binary '','gladimax',58,'shop_logo.png'),(22,'Flower Shop','2022-12-01 18:37:12.988000','HCM',_binary '','Flower Shop',57,'extras1.jpg');
/*!40000 ALTER TABLE `shops` ENABLE KEYS */;
UNLOCK TABLES;

--
-- Table structure for table `users`
--

DROP TABLE IF EXISTS `users`;
/*!40101 SET @saved_cs_client     = @@character_set_client */;
/*!50503 SET character_set_client = utf8mb4 */;
CREATE TABLE `users` (
  `id` int NOT NULL AUTO_INCREMENT,
  `email` varchar(128) NOT NULL,
  `enabled` bit(1) NOT NULL,
  `first_name` varchar(45) NOT NULL,
  `last_name` varchar(45) NOT NULL,
  `password` varchar(64) NOT NULL,
  `photos` varchar(64) DEFAULT NULL,
  PRIMARY KEY (`id`),
  UNIQUE KEY `UK_6dotkott2kjsp8vw4d0m25fb7` (`email`)
) ENGINE=InnoDB AUTO_INCREMENT=34 DEFAULT CHARSET=utf8mb4 COLLATE=utf8mb4_0900_ai_ci;
/*!40101 SET character_set_client = @saved_cs_client */;

--
-- Dumping data for table `users`
--

LOCK TABLES `users` WRITE;
/*!40000 ALTER TABLE `users` DISABLE KEYS */;
INSERT INTO `users` VALUES (1,'triquang.15qt@gmail.com',_binary '','Tri','Quang','$2a$10$1xBCB8mUsBv3EHPQQ82MT.2i.n50Q0JIOBj/Z9su1v0C3rvXLtG.a','avatar-s-1.png'),(2,'kanna.allada@gmail.com',_binary '','Allada','Pavan','$2a$10$WIaKwyHJJJz7w5Fg9l1/be5hgPRb4V0EUyZbb5Z/15Mjz0iwqgm7i','avatar-1.png'),(3,'aecllc.bnk@gmail.com',_binary '\0','Bruce','Kitchell','$2a$10$GINThwCjVZAbGnmOe9BIeuDuvDlyfuwZrg/Rsmrjs1Lsq2pnXtO/S','avatar-s-5.png'),(4,'muhammad.evran13@gmail.com',_binary '','Muhammad','Evran','$2a$10$UcHWHC72azPVZJb5Ky.Yy.X695WGf1ZkkGMS3WL3B9WqWf2dQD04G','avatar-s-22.png'),(5,'kent.hervey8@gmail.com',_binary '','Kent','Hervey','$2a$10$YHXRsZ07/Btv.qCgGht.7u2PW.GLWzpVB7eabfgH1mhTVVXffDT6K','avatar-s-9.png'),(6,'alfredephraim26@gmail.com',_binary '','Alfred','Ephraim','$2a$10$1jl3q3r/Fh9ZBv6ziM4XhuxCi2GMFWcfHUrxsesXAEwnsiV/NJKbq','avatar-s-5.png'),(7,'nathihsa@gmail.com',_binary '','Nathi','Sangweni','$2a$10$WyHmQiXCSYuHcGeg8eFWvOScqzSgg88MmqpajPdzSkLsvZjT3tKC.','avatar-s-18.png'),(8,'ammanollashirisha2020@gmail.com',_binary '','Ammanolla','Shirisha','$2a$10$N1eE87eXFB2XQ5nmWKaTXOofnrPn8koeNvZhEpleJzO49i55e/Vk.','avatar-s-2.png'),(9,'bfeeny238@hotmail.com',_binary '','Bill','Feeny','$2a$10$3sH0v..zpjwA8ux5/q.OAeu0HgmSdMj8VzMWzhwwBDkE8wOISsUyi','avatar-s-4.png'),(10,'redsantosph@gmail.com',_binary '','Frederick','delos Santos','$2a$10$KXHmKpE6YB/0sjiy3fkMv.muKyxqvOXE6jVeaPu8KEaExx62ZmmNe','avatar-s-7.png'),(11,'ro_anamaria@mail.ru',_binary '','Ana','Maria','$2a$10$sz0CHOHAY1Xjt2ajIZgnG.L2KBQ4SsQkOGsPYue.C5gr6j.KMDdqS','avatar-s-3.png'),(12,'maytassatya@hotmail.com',_binary '\0','Satya','Narayana','$2a$10$R7EJcaYijjJo/IVk6c1CieBML2uP3RAKMVlCxylPAePlCfJsX7OOy','avatar-s-17.png'),(13,'matthewefoli@gmail.com',_binary '','Matthew','Efoli','$2a$10$clNXcpozocz3H4bmzPaWu.QHz85IIv2JeLzca./JXr8u6rCF04OC.','avatar-s-11.png'),(14,'davekumara2@gmail.com',_binary '','Dave','Kumar Singh','$2a$10$5ebeZu18V5RheieYqpl/LORCN41E3H7yvxKqEwtq5Zq2JVw.E9dva','avatar-s-6.png'),(15,'jackkbruce@yahoo.com',_binary '','Jack','Bruce','$2a$10$a6iyIHRj8DNpu15obVHTSOGcLe4IfpBcD4iEEJesWaFpBQvRoF2da','avatar-s-10.png'),(16,'zirri.mohamed@gmail.com',_binary '','Mohamed','Zirri','$2a$10$TmvyH1AoyDqRmQ4uC8NAZOOV29CPEDGuxVsHLP1cJoHQGr78L4kjW','avatar-s-14.png'),(17,'mk.majumdar009@hotmail.com',_binary '','Mithun','Kumar Majumdar','$2a$10$ZcLLoiLA7uvWlPl3xrRuOOLKeXuq5UQo2qAbJXc7GHBXqpAKDSk4K','avatar-s-13.png'),(18,'aliraza.arain.28@gmail.com',_binary '','Ali','Raza','$2a$10$PISZ2KitSbhE4/Z3dtIGk.WUi2ILiDl4PzRUDEQSp5BJIxcdcPq4G','avatar-s-26.png'),(19,'isaachenry2877@gmail.com',_binary '','Isaac','Henry','$2a$10$CtmhrOz/AhDoCpKbeYl8O.0ngCFMukcznNZq7.YcHrkRyKpBG8Zca','avatar-s-8.png'),(20,'s.stasovska82@hotmail.com',_binary '','Svetlana','Stasovska','$2a$10$fcN2cNa7vB.78QnmzfNZEeUBkrwUaM.bVK3iDB.KFQlR15DwL7QZy','avatar-s-23.png'),(21,'mikegates2012@gmail.com',_binary '','Mike','Gates','$2a$10$zIO1tygsw6cB2ymiR.WX0ulr9NKdTlZHqu7w/W/LLwk8HhK7nVnH.','avatar-s-12.png'),(22,'pedro.quintero.2000@gmail.com',_binary '','Pedro','Quintero','$2a$10$UPX5EwZw0MyBvbe.7mxg2u8GOl/4KgaUU40iSjr1PLFYvhu35fMmu','avatar-s-20.png'),(23,'amina.elshal2@yahoo.com',_binary '','Amina','Elshal','$2a$10$J1yoyqG5vWNe5N663PkgY.h53gfJtTR7Bb8E8u3sXdNbOZxhXgHu.','avatar-s-1.png'),(30,'admin@gmail.com',_binary '','Tri','Quang','$2a$10$444619UZ4Zbg4KpliNgAFuDCztnzmhlzbAl8D.wvaILz5Cxfm.tFy','avatar-s-21.png');
/*!40000 ALTER TABLE `users` ENABLE KEYS */;
UNLOCK TABLES;

--
-- Table structure for table `users_roles`
--

DROP TABLE IF EXISTS `users_roles`;
/*!40101 SET @saved_cs_client     = @@character_set_client */;
/*!50503 SET character_set_client = utf8mb4 */;
CREATE TABLE `users_roles` (
  `user_id` int NOT NULL,
  `role_id` int NOT NULL,
  PRIMARY KEY (`user_id`,`role_id`),
  KEY `FKj6m8fwv7oqv74fcehir1a9ffy` (`role_id`),
  CONSTRAINT `FK2o0jvgh89lemvvo17cbqvdxaa` FOREIGN KEY (`user_id`) REFERENCES `users` (`id`),
  CONSTRAINT `FKj6m8fwv7oqv74fcehir1a9ffy` FOREIGN KEY (`role_id`) REFERENCES `roles` (`id`)
) ENGINE=InnoDB DEFAULT CHARSET=utf8mb4 COLLATE=utf8mb4_0900_ai_ci;
/*!40101 SET character_set_client = @saved_cs_client */;

--
-- Dumping data for table `users_roles`
--

LOCK TABLES `users_roles` WRITE;
/*!40000 ALTER TABLE `users_roles` DISABLE KEYS */;
INSERT INTO `users_roles` VALUES (1,1),(30,1),(3,2),(9,2),(10,2),(11,2),(12,2),(13,2),(19,2),(20,2),(2,3),(4,3),(5,3),(6,3),(7,3),(8,3),(11,3),(14,3),(15,3),(18,3),(20,3),(2,4),(16,4),(17,4),(18,4),(5,5),(9,5),(14,5),(15,5),(19,5),(20,5),(21,5),(22,5),(23,5);
/*!40000 ALTER TABLE `users_roles` ENABLE KEYS */;
UNLOCK TABLES;
/*!40103 SET TIME_ZONE=@OLD_TIME_ZONE */;

/*!40101 SET SQL_MODE=@OLD_SQL_MODE */;
/*!40014 SET FOREIGN_KEY_CHECKS=@OLD_FOREIGN_KEY_CHECKS */;
/*!40014 SET UNIQUE_CHECKS=@OLD_UNIQUE_CHECKS */;
/*!40101 SET CHARACTER_SET_CLIENT=@OLD_CHARACTER_SET_CLIENT */;
/*!40101 SET CHARACTER_SET_RESULTS=@OLD_CHARACTER_SET_RESULTS */;
/*!40101 SET COLLATION_CONNECTION=@OLD_COLLATION_CONNECTION */;
/*!40111 SET SQL_NOTES=@OLD_SQL_NOTES */;

-- Dump completed on 2024-10-20  1:52:52
